Seq Crs View,Fac,Subj,Crs Num,Rub Var,Cred Weight,Fee Weight,MET Weight,Lang,Acad Year,Session,Period Fac,Per,Course Title,Resp Fac,Resp Unit,Pre-req,Is Pre-req,Enf Pre-req,Sect,Lang Sect,Enr Count Sect,Max Enr Sect,Targ Enr Sect,Resp Fac Sect,Resp Unit Sect,Inst,Grp,Freq,Campus,Lang Meet,Enr Count,Max Enr,Targ Enr,Day,Hour,Dur.,Book Prio,Building,Room,Room Capacity,Assoc Crs Fees,Course Dir,Section Dir,Instructor,Seqmeeting
288059,AP,ADMS,2200,,3,3,3,EN,2025,FW,AP,W,Introductory Marketing,AP,ADMS,N,Y,N,X,EN,39,50,50,AP,ADMS,LECT,1,W,MA,EN,39,50,50,M,14:30,170,,MK,4050,50,,Course Director:,Section Director: 102107585  Lim Hyunwoo,Meet Instructor: 102107585  Lim Hyunwoo,889466
297768,AP,ADMS,2510,,3,3,3,EN,2025,FW,AP,W,Introduction to Management Accounting,AP,ADMS,Y,Y,N,X,EN,53,60,60,AP,ADMS,LECT,1,W,MA,EN,53,60,60,M,14:30,170,,MK,2065,100,,Course Director:,Section Director:,Meet Instructor:,889470
288050,AP,ADMS,2610,,3,3,3,EN,2025,FW,AP,W,Elements of Law: Part One,AP,ADMS,Y,N,N,X,EN,60,60,60,AP,ADMS,LECT,1,W,MA,EN,60,60,60,W,14:30,170,,MK,2055,100,,Course Director:,Section Director: 102080159  Lai Poland,Meet Instructor: 102080159  Lai Poland,889472
304568,AP,ADMS,3920,,3,3,3,EN,2025,FW,AP,W,New Venture and Small Business Management,AP,ADMS,Y,N,N,X,EN,38,50,50,AP,ADMS,LECT,1,W,MA,EN,38,50,50,W,8:30,170,,MK,4050,50,,Course Director:,Section Director:,Meet Instructor:,889475
305752,AP,CMDS,1000,,6,6,6,EN,2025,FW,AP,Y,Introduction to Communication & Media,AP,CMDS,N,N,N,B,EN,48,49,49,AP,CMDS,SEMR,1,W,MA,EN,48,49,49,T,11:30,170,,MK,5050,49,,Course Director:,Section Director: 102019712  Taylor Nicholas,Meet Instructor: 102019712  Taylor Nicholas,865656
307754,AP,CMDS,1002,,3,3,3,EN,2025,FW,AP,W,Mobilizing Digital Citizenship,AP,CMDS,N,N,Y,M,EN,40,60,60,AP,CMDS,SEMR,1,W,MA,EN,40,60,60,R,14:30,170,,MK,2060,100,,Course Director:,Section Director: 102099763  Chalk Alex,Meet Instructor: 102099763  Chalk Alex,865658
305629,AP,CMDS,2150,,3,3,3,EN,2025,FW,AP,W,Introduction to Research Methods in Communication and Media Studies,AP,CMDS,N,N,N,N,EN,25,49,49,AP,CMDS,SEMR,1,W,MA,EN,25,49,49,R,14:30,170,,MK,5050,49,,Course Director:,Section Director: 102127856  Laywine Nathaniel,Meet Instructor: 102127856  Laywine Nathaniel,865666
305631,AP,CMDS,2200,,3,3,3,EN,2025,FW,AP,W,"Introduction to Politics, Policy and the Media",AP,CMDS,N,N,N,M,EN,23,49,49,AP,CMDS,SEMR,1,W,MA,EN,23,49,49,M,14:30,170,,MK,5070,50,,Course Director:,Section Director: 102019712  Taylor Nicholas,Meet Instructor: 102019712  Taylor Nicholas,865667
305627,AP,CMDS,2500,,3,3,3,EN,2025,FW,AP,W,Information and Technology,AP,CMDS,N,N,N,M,EN,20,49,49,AP,CMDS,SEMR,1,W,MA,EN,20,49,49,T,11:30,170,,MK,4050,50,,Course Director:,Section Director: 102117072  Singh Rianka,Meet Instructor: 102117072  Singh Rianka,865668
300498,AP,ECON,1010,,3,3,3,EN,2025,FW,AP,W,Introduction to Macroeconomics,AP,ECON,N,Y,N,T,EN,35,200,200,AP,ECON,BLEN,1,W,MA,EN,35,200,200,,0:00,0,0,,,,,Course Director: 102058641  Kabir Mir Ahsan,Section Director: 102127968  Li Jinyue,Meet Instructor: 102127968  Li Jinyue,877999
300498,AP,ECON,1010,,3,3,3,EN,2025,FW,AP,W,Introduction to Macroeconomics,AP,ECON,N,Y,N,T,EN,35,200,200,AP,ECON,TUTR,1,W,MA,EN,35,100,100,W,14:30,50,9,MK,2060,100,,Course Director: 102058641  Kabir Mir Ahsan,Section Director: 102127968  Li Jinyue,Meet Instructor:,877738
300498,AP,ECON,1010,,3,3,3,EN,2025,FW,AP,W,Introduction to Macroeconomics,AP,ECON,N,Y,N,T,EN,35,200,200,AP,ECON,TUTR,2,W,MA,EN,0,100,100,W,15:30,50,9,MK,2060,100,,Course Director: 102058641  Kabir Mir Ahsan,Section Director: 102127968  Li Jinyue,Meet Instructor:,877747
305398,AP,ENTP,2920,,3,3,3,EN,2025,FW,AP,W,Introduction to innovation and creativity,AP,ADMS,N,N,N,X,EN,44,52,52,AP,ADMS,LECT,1,W,MA,EN,44,52,52,W,11:30,170,,MK,4100,50,,Course Director:,Section Director: 102125861  Rostamkalaei Anoosheh,Meet Instructor: 102125861  Rostamkalaei Anoosheh,889473
308158,AP,FINT,2010,,3,3,3,EN,2025,FW,AP,W,Financial Services and Technologies,AP,ITEC,Y,Y,Y,M,EN,6,35,35,AP,ITEC,LECT,1,W,MA,EN,6,35,35,R,19:00,170,,MK,5050,49,,Course Director:,Section Director:,Meet Instructor:,865527
308309,AP,ITEC,2620,,3,3,3,EN,2025,FW,AP,W,Introduction to Data Structures,AP,ITEC,Y,Y,N,P,EN,14,45,45,AP,ITEC,LECT,1,W,MA,EN,14,45,45,W,14:30,170,,MK,5050,49,,Course Director:,Section Director: 102131591  Poulos Zissis,Meet Instructor: 102131591  Poulos Zissis,874316
286673,AP,MODR,1770,,6,6,6,EN,2025,FW,AP,Y,Modes of Reasoning: Techniques of Persuasion,AP,PHIL,N,N,N,D,EN,50,50,50,AP,PHIL,LECT,1,W,MA,EN,50,50,50,T,14:30,170,9,MK,5070,50,,Course Director:,Section Director: 102004861  Davis Hilary,Meet Instructor: 102004861  Davis Hilary,895438
286673,AP,MODR,1770,,6,6,6,EN,2025,FW,AP,Y,Modes of Reasoning: Techniques of Persuasion,AP,PHIL,N,N,N,E,EN,48,50,50,AP,PHIL,LECT,1,W,MA,EN,48,50,50,F,14:30,170,9,MK,5070,50,,Course Director:,Section Director: 102004861  Davis Hilary,Meet Instructor: 102004861  Davis Hilary,895439
286673,AP,MODR,1770,,6,6,6,EN,2025,FW,AP,Y,Modes of Reasoning: Techniques of Persuasion,AP,PHIL,N,N,N,F,EN,47,50,50,AP,PHIL,LECT,1,W,MA,EN,47,50,50,W,17:30,170,,MK,5070,50,,Course Director:,Section Director: 102004861  Davis Hilary,Meet Instructor: 102004861  Davis Hilary,898796
307910,AP,SPRT,1020,,3,3,3,EN,2025,FW,AP,W,Sport and the Legal Environment,AP,HRM,N,Y,N,M,EN,63,70,70,AP,HRM,LECT,1,W,MA,EN,63,70,70,R,10:00,170,,MK,2055,100,,Course Director:,Section Director: 102027327  Doorey David J,Meet Instructor: 102027327  Doorey David J,865777
309951,AP,SPRT,2020,,3,3,3,EN,2025,FW,AP,W,Management of Sport Industries,AP,HRM,Y,N,Y,M,EN,46,70,70,AP,HRM,LECT,1,W,MA,EN,46,70,70,W,10:30,170,,MK,2060,100,,Course Director:,Section Director: 102132474  Wigfield Daniel,Meet Instructor: 102132474  Wigfield Daniel,892767
309952,AP,SPRT,2030,,3,3,3,EN,2025,FW,AP,W,Sport Finance and Accounting,AP,HRM,Y,N,N,M,EN,44,70,70,AP,HRM,LECT,1,W,MA,EN,44,70,70,R,14:30,170,,MK,2065,100,,Course Director:,Section Director: 102132474  Wigfield Daniel,Meet Instructor: 102132474  Wigfield Daniel,897920
309950,AP,SPRT,2040,,3,3,3,EN,2025,FW,AP,W,Governance and Sport Policy,AP,HRM,N,N,N,M,EN,46,70,70,AP,HRM,BLEN,1,W,MA,EN,46,70,70,M,10:30,170,2,MK,2065,100,,Course Director:,Section Director: 102137313  Zipp Sarah R,Meet Instructor: 102137313  Zipp Sarah R,897848
308778,ED,EDFE,2000,,6,6,6,EN,2025,FW,ED,Y,Foundations of Education & Theory Into Practice,ED,ED,N,N,N,W,EN,47,48,48,ED,ED,BLEN,1,W,MA,EN,47,48,48,W,8:30,170,,MK,5000,48,,Course Director:,Section Director: 102107781  Traverse-Thomas Jacqui,Meet Instructor: 102107781  Traverse-Thomas Jacqui,898291
308778,ED,EDFE,2000,,6,6,6,EN,2025,FW,ED,Y,Foundations of Education & Theory Into Practice,ED,ED,N,N,N,X,EN,44,48,48,ED,ED,BLEN,1,W,MA,EN,44,48,48,W,8:30,170,,MK,4055,50,,Course Director:,Section Director: 102048788  Cecillon Jack,Meet Instructor: 102048788  Cecillon Jack,898292
308778,ED,EDFE,2000,,6,6,6,EN,2025,FW,ED,Y,Foundations of Education & Theory Into Practice,ED,ED,N,N,N,Y,EN,43,45,45,ED,ED,BLEN,1,W,MA,EN,43,45,45,W,11:30,170,,MK,5000,48,,Course Director:,Section Director: 101035765  Mannette Joy,Meet Instructor: 101035765  Mannette Joy,898293
308778,ED,EDFE,2000,,6,6,6,EN,2025,FW,ED,Y,Foundations of Education & Theory Into Practice,ED,ED,N,N,N,Z,EN,43,45,45,ED,ED,BLEN,1,W,MA,EN,43,45,45,W,11:30,170,,MK,5010,50,,Course Director:,Section Director: 102137731  Abawi Zuhra,Meet Instructor: 102137731  Abawi Zuhra,898294
289754,ED,EDPJ,2000,,3,3,3,EN,2025,FW,ED,W,Science & Technology in the Primary-Junior DIvisions,ED,ED,N,N,N,W,EN,47,48,48,ED,ED,LECT,1,W,MA,EN,47,48,48,M,11:30,170,,MK,5000,48,,Course Director:,Section Director: 102137731  Abawi Zuhra,Meet Instructor: 102137731  Abawi Zuhra,898303
289754,ED,EDPJ,2000,,3,3,3,EN,2025,FW,ED,W,Science & Technology in the Primary-Junior DIvisions,ED,ED,N,N,N,X,EN,44,48,48,ED,ED,LECT,1,W,MA,EN,44,48,48,M,8:30,170,,MK,5000,48,,Course Director:,Section Director: 102137731  Abawi Zuhra,Meet Instructor: 102137731  Abawi Zuhra,898304
289754,ED,EDPJ,2000,,3,3,3,EN,2025,FW,ED,W,Science & Technology in the Primary-Junior DIvisions,ED,ED,N,N,N,Y,EN,43,45,45,ED,ED,LECT,1,W,MA,EN,43,45,45,M,11:30,170,,MK,5005,50,,Course Director:,Section Director: 102137562  Burgis Emily,Meet Instructor: 102137562  Burgis Emily,898305
289754,ED,EDPJ,2000,,3,3,3,EN,2025,FW,ED,W,Science & Technology in the Primary-Junior DIvisions,ED,ED,N,N,N,Z,EN,43,45,45,ED,ED,LECT,1,W,MA,EN,43,45,45,M,14:30,170,,MK,5000,48,,Course Director:,Section Director:,Meet Instructor:,898306
310225,ED,EDPR,1000,,3,3,3,EN,2025,FW,ED,Y,Studies in Communities and Their Schools,ED,ED,N,N,N,W,EN,47,48,48,ED,ED,PRAC,1,F,MA,EN,47,48,48,W,11:30,170,,MK,5005,50,,Course Director:,Section Director: 102137562  Burgis Emily,Meet Instructor: 102137562  Burgis Emily,898307
310225,ED,EDPR,1000,,3,3,3,EN,2025,FW,ED,Y,Studies in Communities and Their Schools,ED,ED,N,N,N,X,EN,44,48,48,ED,ED,PRAC,1,F,MA,EN,44,48,48,W,11:30,170,,,,,,Course Director:,Section Director: 102137562  Burgis Emily,Meet Instructor: 102137562  Burgis Emily,898308
310225,ED,EDPR,1000,,3,3,3,EN,2025,FW,ED,Y,Studies in Communities and Their Schools,ED,ED,N,N,N,Y,EN,43,45,45,ED,ED,PRAC,1,F,MA,EN,43,45,45,W,14:30,170,,MK,5010,50,,Course Director:,Section Director: 102137731  Abawi Zuhra,Meet Instructor: 102137731  Abawi Zuhra,898309
310225,ED,EDPR,1000,,3,3,3,EN,2025,FW,ED,Y,Studies in Communities and Their Schools,ED,ED,N,N,N,Z,EN,43,45,45,ED,ED,PRAC,1,F,MA,EN,43,45,45,W,14:30,170,,,,,,Course Director:,Section Director: 102137731  Abawi Zuhra,Meet Instructor: 102137731  Abawi Zuhra,898310
308785,ED,EDPR,2000,,3,3,3,EN,2025,FW,ED,WP,Practicum,ED,ED,N,N,N,C,EN,177,200,200,ED,ED,PRAC,1,W,MA,EN,177,200,200,,0:00,0,0,,,,"FeeAmount=200, Type=A, RefundType=N, RefundDate=",Course Director:,Section Director:,Meet Instructor:,898315
308259,ED,EDUC,3821,,3,3,3,EN,2025,FW,ED,W,Teaching English Language Learners in Mainstream Classrooms,ED,ED,N,N,N,W,EN,47,48,48,ED,ED,LECT,1,W,MA,EN,47,48,48,M,8:30,170,,MK,4055,50,,Course Director:,Section Director: 102108633  Prasad Gail,Meet Instructor: 102108633  Prasad Gail,898311
308259,ED,EDUC,3821,,3,3,3,EN,2025,FW,ED,W,Teaching English Language Learners in Mainstream Classrooms,ED,ED,N,N,N,X,EN,44,48,48,ED,ED,LECT,1,W,MA,EN,44,48,48,M,11:30,170,,MK,4055,50,,Course Director:,Section Director: 102108633  Prasad Gail,Meet Instructor: 102108633  Prasad Gail,898312
308259,ED,EDUC,3821,,3,3,3,EN,2025,FW,ED,W,Teaching English Language Learners in Mainstream Classrooms,ED,ED,N,N,N,Y,EN,43,45,45,ED,ED,LECT,1,W,MA,EN,43,45,45,M,14:30,170,,MK,4055,50,,Course Director:,Section Director: 102108633  Prasad Gail,Meet Instructor: 102108633  Prasad Gail,898313
308259,ED,EDUC,3821,,3,3,3,EN,2025,FW,ED,W,Teaching English Language Learners in Mainstream Classrooms,ED,ED,N,N,N,Z,EN,43,45,45,ED,ED,LECT,1,W,MA,EN,43,45,45,M,11:30,170,,MK,5010,50,,Course Director:,Section Director:,Meet Instructor:,898314
308022,FA,CRTE,1110,,3,3,3,EN,2025,FW,FA,W,Methods for Creative Technologies II,FA,F.A.,N,N,N,M,EN,32,35,35,FA,F.A.,LECT,1,W,MA,EN,32,35,35,M,11:30,170,,MK,6015,36,,Course Director:,Section Director: 102130179  Kanic Vladimir,Meet Instructor: 102130179  Kanic Vladimir,892777
308003,FA,CRTE,1200,,3,3,3,EN,2025,FW,FA,W,Fundamentals of Collaboration,FA,F.A.,N,N,N,M,EN,40,52,52,FA,F.A.,LECT,1,W,MA,EN,40,52,52,T,14:30,170,,MK,4100,50,,Course Director:,Section Director: 102116768  Caines Rebecca,Meet Instructor: 102116768  Caines Rebecca,893763
310169,FA,CRTE,1901,,3,3,3,EN,2025,FW,FA,W,Mobilizing Digital Citizenship,FA,F.A.,N,N,N,M,EN,48,50,50,FA,F.A.,LECT,1,W,MA,EN,48,50,50,R,14:30,170,2,MK,2055,100,,Course Director:,Section Director: 102110608  Lee Vivian,Meet Instructor: 102110608  Lee Vivian,894593
310179,FA,CRTE,2010,,1,1,1,EN,2025,FW,FA,W,Tech Knowledge Training: Game Engine Interactivity with Unreal Engine,FA,F.A.,N,N,N,M,EN,51,80,80,FA,F.A.,ONLN,1,W,MA,EN,51,80,80,,,0,0,,,,,Course Director:,Section Director: 102113345  Centeno Garcia Hector,Meet Instructor: 102113345  Centeno Garcia Hector,896186
308006,FA,CRTE,2100,,3,3,3,EN,2025,FW,FA,W,Histories of Applied Digital Arts,FA,F.A.,N,N,N,M,EN,28,35,35,FA,F.A.,LECT,1,W,MA,EN,28,35,35,R,11:30,170,,MK,4100,50,,Course Director:,Section Director: 102116768  Caines Rebecca,Meet Instructor: 102116768  Caines Rebecca,892782
308007,FA,CRTE,2200,,3,3,3,EN,2025,FW,FA,W,Decolonizing the Arts,FA,F.A.,N,N,N,M,EN,29,35,35,FA,F.A.,LECT,1,W,MA,EN,29,35,35,T,11:30,170,,MK,4025,50,,Course Director:,Section Director: 102133637  Wang Zi,Meet Instructor: 102133637  Wang Zi,895119
310181,FA,CRTE,2900,,3,3,3,EN,2025,FW,FA,W,Immersive Sound Narratives and Techniques,FA,F.A.,N,N,N,M,EN,26,26,26,FA,F.A.,STDO,1,W,MA,EN,26,26,26,W,14:30,170,2,MK,6015,36,,Course Director:,Section Director: 102113345  Centeno Garcia Hector,Meet Instructor: 102113345  Centeno Garcia Hector,894595
306591,GS,BIOT,5030,,3,3,3,EN,2025,FW,GS,W,Research and Development in Biotechnology,GS,BIOL,N,N,N,M,EN,31,40,40,GS,BIOL,LECT,1,W,MA,EN,31,40,40,T,16:00,170,9,MK,5050,49,,Course Director:,Section Director: 102128609  Puentes Jacome Luz Adriana,Meet Instructor: 102128609  Puentes Jacome Luz Adriana,865910
306592,GS,BIOT,5040,,3,3,3,EN,2025,FW,GS,W,Laboratory Skills in Biotechnology,GS,BIOL,N,N,N,M,EN,32,34,34,GS,BIOL,BLEN,1,W,MA,EN,32,34,34,M,12:00,50,0,,,,,Course Director:,Section Director: 102116694  Atallah Jade,Meet Instructor: 102116694  Atallah Jade,865911
306592,GS,BIOT,5040,,3,3,3,EN,2025,FW,GS,W,Laboratory Skills in Biotechnology,GS,BIOL,N,N,N,M,EN,32,34,34,GS,BIOL,BLEN,1,W,MA,EN,32,34,34,F,12:00,50,0,,,,,Course Director:,Section Director: 102116694  Atallah Jade,Meet Instructor: 102116694  Atallah Jade,865912
306592,GS,BIOT,5040,,3,3,3,EN,2025,FW,GS,W,Laboratory Skills in Biotechnology,GS,BIOL,N,N,N,M,EN,32,34,34,GS,BIOL,LAB,1,W,MA,EN,16,17,17,W,16:00,170,2,MK,6045,24,,Course Director:,Section Director: 102116694  Atallah Jade,Meet Instructor:,865913
306592,GS,BIOT,5040,,3,3,3,EN,2025,FW,GS,W,Laboratory Skills in Biotechnology,GS,BIOL,N,N,N,M,EN,32,34,34,GS,BIOL,LAB,2,W,MA,EN,16,17,17,R,14:30,170,2,MK,6045,24,,Course Director:,Section Director: 102116694  Atallah Jade,Meet Instructor:,865914
306593,GS,BIOT,5050,,3,3,3,EN,2025,FW,GS,W,"Data Analysis, Product Development and Commercialization in Biotechnology",GS,BIOL,N,N,N,M,EN,32,40,40,GS,BIOL,BLEN,1,W,MA,EN,32,40,40,R,12:00,50,9,,,,,Course Director:,Section Director: 102128609  Puentes Jacome Luz Adriana,Meet Instructor: 102128609  Puentes Jacome Luz Adriana,865915
306593,GS,BIOT,5050,,3,3,3,EN,2025,FW,GS,W,"Data Analysis, Product Development and Commercialization in Biotechnology",GS,BIOL,N,N,N,M,EN,32,40,40,GS,BIOL,BLEN,1,W,MA,EN,32,40,40,M,17:00,110,9,,,,,Course Director:,Section Director: 102128609  Puentes Jacome Luz Adriana,Meet Instructor: 102128609  Puentes Jacome Luz Adriana,865916
298085,GS,DMGM,5020,,1.5,1.5,1.5,EN,2025,FW,GS,WA,Principles of Marketing Managemen,GS,DMGM,N,N,N,M,EN,27,30,30,GS,DMGM,LECT,1,W,MA,EN,27,30,30,T,19:00,180,2,MK,4050,50,,Course Director:,Section Director: 102033169  Kong Raymond,Meet Instructor: 102033169  Kong Raymond,891004
298089,GS,DMGM,5060,,1.5,1.5,1.5,EN,2025,FW,GS,WA,Introduction to Financial Management,GS,DMGM,N,N,N,M,EN,28,30,30,GS,DMGM,LECT,1,W,MA,EN,28,30,30,M,19:00,180,2,MK,5070,50,,Course Director:,Section Director: 102125915  Fok Kwan Ho,Meet Instructor: 102125915  Fok Kwan Ho,891008
298091,GS,DMGM,5080,,1.5,1.5,1.5,EN,2025,FW,GS,WA,Law and Corporate Governance,GS,DMGM,N,N,N,M,EN,27,30,30,GS,DMGM,ONCA,1,W,MA,EN,27,30,30,F,13:00,180,0,,,,,Course Director:,Section Director: 101035608  Leblanc Richard W.J.,Meet Instructor: 101035608  Leblanc Richard W.J.,891010
298092,GS,DMGM,5090,,3,3,3,EN,2025,FW,GS,WB,Experiencing Management,GS,DMGM,N,N,N,M,EN,6,15,15,GS,DMGM,LECT,1,W,MA,EN,6,15,15,R,19:00,180,2,MK,5035,25,,Course Director:,Section Director: 102082583  Kusyk Sophia,Meet Instructor: 102082583  Kusyk Sophia,891011
298092,GS,DMGM,5090,,3,3,3,EN,2025,FW,GS,WB,Experiencing Management,GS,DMGM,N,N,N,M,EN,6,15,15,GS,DMGM,LECT,1,W,MA,EN,6,15,15,T,19:00,180,2,MK,5035,25,,Course Director:,Section Director: 102082583  Kusyk Sophia,Meet Instructor: 102082583  Kusyk Sophia,891012
298094,GS,DMGM,5120,,1.5,1.5,1.5,EN,2025,FW,GS,WA,Canadian Administrative Law and Public Sector Ethics,GS,DMGM,N,N,N,M,EN,6,30,30,GS,DMGM,ONCA,1,W,MA,EN,6,30,30,W,19:00,180,0,,,,,Course Director:,Section Director: 102018425  Frederiksen Soren D.,Meet Instructor: 102018425  Frederiksen Soren D.,891014
298059,GS,MSMG,6160,,3,3,3,EN,2025,FW,GS,W,Accounting Theory and Conceptual Framework Applied Research,GS,FAS,N,N,N,M,EN,9,12,12,GS,FAS,LECT,1,W,MA,EN,9,12,12,M,16:00,180,2,MK,5035,25,,Course Director:,Section Director: 102108054  Li Na,Meet Instructor: 102108054  Li Na,871588
298060,GS,MSMG,6170,,3,3,3,EN,2025,FW,GS,W,Business Intelligence for Performance Management,GS,FAS,N,N,N,M,EN,11,12,12,GS,FAS,LECT,1,W,MA,EN,11,12,12,M,19:00,180,2,MK,5035,25,,Course Director:,Section Director: 501484645  Chah Niel,Meet Instructor: 501484645  Chah Niel,871589
298069,GS,MSMG,6410,,3,3,3,EN,2025,FW,GS,W,Marketing Analytics,GS,FAS,N,N,N,M,EN,12,12,12,GS,FAS,LECT,1,W,MA,EN,12,12,12,T,16:00,180,2,MK,5035,25,,Course Director:,Section Director: 102033169  Kong Raymond,Meet Instructor: 102033169  Kong Raymond,871590
298071,GS,MSMG,6460,,3,3,3,EN,2025,FW,GS,W,Seminar in Consumer Research,GS,FAS,N,N,N,M,EN,9,12,12,GS,FAS,LECT,1,W,MA,EN,9,12,12,R,16:00,180,2,MK,5035,25,,Course Director:,Section Director: 102083745  Whelan Jodie G.,Meet Instructor: 102083745  Whelan Jodie G.,871591
298074,GS,MSMG,6550,,3,3,3,EN,2025,FW,GS,W,Fundamentals of Supply Chain Management,GS,FAS,N,N,N,M,EN,3,12,12,GS,FAS,LECT,1,W,MA,EN,3,12,12,T,19:00,180,2,MK,6015,36,,Course Director:,Section Director: 102026892  Karakul Mustafa,Meet Instructor: 102026892  Karakul Mustafa,871594
298075,GS,MSMG,6560,,3,3,3,EN,2025,FW,GS,W,Supply Chain Risk Management,GS,FAS,N,N,N,M,EN,6,12,12,GS,FAS,LECT,1,W,MA,EN,6,12,12,W,16:00,180,2,MK,5035,25,,Course Director:,Section Director: 102044905  Toyasaki Fuminori,Meet Instructor: 102044905  Toyasaki Fuminori,871595
303218,GS,MSMG,6999,,0,0,0,EN,2025,FW,GS,FS,Major Research Paper and Workplace Project Development Seminar  Series,GS,FAS,N,N,N,A,EN,9,12,12,GS,FAS,BLEN,1,W,MA,EN,9,12,12,,0:00,0,0,,,,,Course Director:,Section Director: 102117600  Sharma Isha,Meet Instructor: 102117600  Sharma Isha,893215
303218,GS,MSMG,6999,,0,0,0,EN,2025,FW,GS,FS,Major Research Paper and Workplace Project Development Seminar  Series,GS,FAS,N,N,N,B,EN,6,12,12,GS,FAS,BLEN,1,W,MA,EN,6,12,12,,0:00,0,0,,,,,Course Director:,Section Director: 102117600  Sharma Isha,Meet Instructor: 102117600  Sharma Isha,893216
303218,GS,MSMG,6999,,0,0,0,EN,2025,FW,GS,FS,Major Research Paper and Workplace Project Development Seminar  Series,GS,FAS,N,N,N,C,EN,6,12,12,GS,FAS,BLEN,1,W,MA,EN,6,12,12,,0:00,0,0,,,,,Course Director:,Section Director: 102117600  Sharma Isha,Meet Instructor: 102117600  Sharma Isha,893217
255777,GS,PPAL,6010,,3,3,3,EN,2025,FW,GS,Y,Leadership and Human Resources Management,GS,PPAL,N,N,N,C,EN,29,30,30,GS,PPAL,SEMR,1,M,MA,EN,29,30,30,S,9:00,480,8,,,,,Course Director:,Section Director: 102034977  Reynar Jason,Meet Instructor: 102034977  Reynar Jason,860708
289079,GS,PPAL,6100,,3,3,3,EN,2025,FW,GS,Y,Canadian Constitutional Law,GS,PPAL,N,N,N,C,EN,29,30,30,GS,PPAL,SEMR,1,M,MA,EN,29,30,30,S,9:00,480,8,,,,,Course Director:,Section Director: 102019546  O'Rourke-DiCarlo Danny,Meet Instructor: 102019546  O'Rourke-DiCarlo Danny,860711
263820,GS,PPAL,6120,,3,3,3,EN,2025,FW,GS,W,Administrative Law and Ethics: Principles and Practices in the Policy-Making Context,GS,PPAL,N,N,N,O,EN,29,30,30,GS,PPAL,SEMR,1,W,MA,EN,29,30,30,T,19:00,170,9,MK,5050,49,,Course Director:,Section Director: 102019546  O'Rourke-DiCarlo Danny,Meet Instructor: 102019546  O'Rourke-DiCarlo Danny,860713
289077,GS,PPAL,6200,,3,3,3,EN,2025,FW,GS,W,Research Methods and Information Systems,GS,PPAL,N,N,N,O,EN,28,30,30,GS,PPAL,SEMR,1,W,MA,EN,28,30,30,M,19:00,170,9,MK,5050,49,,Course Director:,Section Director: 102116692  Spicer Zachary,Meet Instructor: 102116692  Spicer Zachary,860716
305988,GS,PPAL,6240,,3,3,3,EN,2025,FW,GS,Y,Topics in Local and Regional Governance,GS,PPAL,N,N,N,A,EN,27,30,30,GS,PPAL,SEMR,1,M,MA,EN,27,30,30,S,9:00,480,8,,,,,Course Director:,Section Director: 102116692  Spicer Zachary,Meet Instructor: 102116692  Spicer Zachary,860721
305859,LE,CSSD,1201,,4,4,4,EN,2025,FW,LE,W,Coding with Objects (CS2),LE,EECS,N,Y,N,M,EN,58,96,96,LE,EECS,LECT,1,W,MA,EN,58,96,96,M,10:00,110,2,MK,2060,100,,Course Director:,Section Director: 102122087  Haidar May,Meet Instructor: 102122087  Haidar May,893406
305859,LE,CSSD,1201,,4,4,4,EN,2025,FW,LE,W,Coding with Objects (CS2),LE,EECS,N,Y,N,M,EN,58,96,96,LE,EECS,LAB,1,W,MA,EN,34,48,48,M,13:00,230,2,MK,4005,48,,Course Director:,Section Director: 102122087  Haidar May,Meet Instructor:,893403
305859,LE,CSSD,1201,,4,4,4,EN,2025,FW,LE,W,Coding with Objects (CS2),LE,EECS,N,Y,N,M,EN,58,96,96,LE,EECS,LAB,2,W,MA,EN,24,48,48,M,13:00,230,2,MK,4010,48,,Course Director:,Section Director: 102122087  Haidar May,Meet Instructor:,893404
305859,LE,CSSD,1201,,4,4,4,EN,2025,FW,LE,W,Coding with Objects (CS2),LE,EECS,N,Y,N,M,EN,58,96,96,LE,EECS,LAB,3,W,MA,EN,0,0,0,M,13:00,230,1,MK,4015,28,,Course Director:,Section Director: 102122087  Haidar May,Meet Instructor:,893405
305862,LE,CSSD,1202,,4,4,4,EN,2025,FW,LE,W,Web-Centric Programming,LE,EECS,N,N,N,M,EN,60,96,96,LE,EECS,LECT,1,W,MA,EN,60,96,96,T,10:00,110,,MK,4070,137,,Course Director:,Section Director: 102122087  Haidar May,Meet Instructor: 102122087  Haidar May,893410
305862,LE,CSSD,1202,,4,4,4,EN,2025,FW,LE,W,Web-Centric Programming,LE,EECS,N,N,N,M,EN,60,96,96,LE,EECS,LAB,1,W,MA,EN,37,48,48,W,13:00,230,2,MK,4005,48,,Course Director:,Section Director: 102122087  Haidar May,Meet Instructor:,893407
305862,LE,CSSD,1202,,4,4,4,EN,2025,FW,LE,W,Web-Centric Programming,LE,EECS,N,N,N,M,EN,60,96,96,LE,EECS,LAB,2,W,MA,EN,23,48,48,W,13:00,230,2,MK,4010,48,,Course Director:,Section Director: 102122087  Haidar May,Meet Instructor:,893408
305862,LE,CSSD,1202,,4,4,4,EN,2025,FW,LE,W,Web-Centric Programming,LE,EECS,N,N,N,M,EN,60,96,96,LE,EECS,LAB,3,W,MA,EN,0,0,0,W,13:00,230,1,MK,4015,28,,Course Director:,Section Director: 102122087  Haidar May,Meet Instructor:,893409
306218,LE,CSSD,1203,,4,4,4,EN,2025,FW,LE,W,Logic and Computing,LE,EECS,N,N,N,M,EN,60,90,90,LE,EECS,LECT,1,W,MA,EN,60,90,90,F,12:30,170,2,MK,2055,100,,Course Director:,Section Director: 102111441  Vashisth Pooja,Meet Instructor: 102111441  Vashisth Pooja,893411
306218,LE,CSSD,1203,,4,4,4,EN,2025,FW,LE,W,Logic and Computing,LE,EECS,N,N,N,M,EN,60,90,90,LE,EECS,TUTR,1,W,MA,EN,33,45,45,F,15:30,110,,MK,4045,48,,Course Director:,Section Director: 102111441  Vashisth Pooja,Meet Instructor:,893412
306218,LE,CSSD,1203,,4,4,4,EN,2025,FW,LE,W,Logic and Computing,LE,EECS,N,N,N,M,EN,60,90,90,LE,EECS,TUTR,2,W,MA,EN,27,45,45,F,15:30,110,,MK,4050,50,,Course Director:,Section Director: 102111441  Vashisth Pooja,Meet Instructor:,893413
306218,LE,CSSD,1203,,4,4,4,EN,2025,FW,LE,W,Logic and Computing,LE,EECS,N,N,N,M,EN,60,90,90,LE,EECS,TUTR,3,W,MA,EN,0,0,0,F,15:30,110,1,,,,,Course Director:,Section Director: 102111441  Vashisth Pooja,Meet Instructor:,893414
308539,LE,CSSD,2061,,1,1,1,EN,2025,FW,LE,M7,Preparation for the Workplace,LE,EECS,N,N,N,M,EN,32,50,50,LE,EECS,LECT,1,W,MA,EN,32,50,50,T,10:00,50,2,MK,4040,50,,Course Director:,Section Director: 102125378  Bhasin Nelufur,Meet Instructor: 102125378  Bhasin Nelufur,896146
308619,LE,CSSD,2202,,4,4,4,EN,2025,FW,LE,W,Design and Analysis of Algorithms,LE,EECS,Y,N,N,M,EN,77,96,96,LE,EECS,LECT,1,W,MA,EN,77,96,96,W,14:30,80,,MK,4070,137,,Course Director:,Section Director: 102116533  Zhang Larry Yueli,Meet Instructor: 102116533  Zhang Larry Yueli,893460
308619,LE,CSSD,2202,,4,4,4,EN,2025,FW,LE,W,Design and Analysis of Algorithms,LE,EECS,Y,N,N,M,EN,77,96,96,LE,EECS,LECT,1,W,MA,EN,77,96,96,R,10:30,80,,MK,4070,137,,Course Director:,Section Director: 102116533  Zhang Larry Yueli,Meet Instructor: 102116533  Zhang Larry Yueli,893461
308619,LE,CSSD,2202,,4,4,4,EN,2025,FW,LE,W,Design and Analysis of Algorithms,LE,EECS,Y,N,N,M,EN,77,96,96,LE,EECS,LAB,1,W,MA,EN,39,48,48,F,9:00,110,,MK,4005,48,,Course Director:,Section Director: 102116533  Zhang Larry Yueli,Meet Instructor:,893457
308619,LE,CSSD,2202,,4,4,4,EN,2025,FW,LE,W,Design and Analysis of Algorithms,LE,EECS,Y,N,N,M,EN,77,96,96,LE,EECS,LAB,2,W,MA,EN,38,48,48,F,9:00,110,,MK,4010,48,,Course Director:,Section Director: 102116533  Zhang Larry Yueli,Meet Instructor:,893458
308619,LE,CSSD,2202,,4,4,4,EN,2025,FW,LE,W,Design and Analysis of Algorithms,LE,EECS,Y,N,N,M,EN,77,96,96,LE,EECS,LAB,3,W,MA,EN,0,0,0,F,9:00,110,1,MK,4015,28,,Course Director:,Section Director: 102116533  Zhang Larry Yueli,Meet Instructor:,893459
308548,LE,CSSD,2203,,4,4,4,EN,2025,FW,LE,W,Software Design,LE,EECS,Y,N,N,M,EN,78,96,96,LE,EECS,LECT,1,W,MA,EN,78,96,96,M,9:00,50,,MK,2060,100,,Course Director:,Section Director: 102088871  Fokaefs Marios,Meet Instructor: 102088871  Fokaefs Marios,893468
308548,LE,CSSD,2203,,4,4,4,EN,2025,FW,LE,W,Software Design,LE,EECS,Y,N,N,M,EN,78,96,96,LE,EECS,LECT,1,W,MA,EN,78,96,96,T,11:00,50,,MK,2060,100,,Course Director:,Section Director: 102088871  Fokaefs Marios,Meet Instructor: 102088871  Fokaefs Marios,893469
308548,LE,CSSD,2203,,4,4,4,EN,2025,FW,LE,W,Software Design,LE,EECS,Y,N,N,M,EN,78,96,96,LE,EECS,LAB,1,W,MA,EN,38,48,48,M,10:00,110,,MK,4005,48,,Course Director:,Section Director: 102088871  Fokaefs Marios,Meet Instructor:,893462
308548,LE,CSSD,2203,,4,4,4,EN,2025,FW,LE,W,Software Design,LE,EECS,Y,N,N,M,EN,78,96,96,LE,EECS,LAB,1,W,MA,EN,38,48,48,T,13:00,110,,MK,4005,48,,Course Director:,Section Director: 102088871  Fokaefs Marios,Meet Instructor:,893463
308548,LE,CSSD,2203,,4,4,4,EN,2025,FW,LE,W,Software Design,LE,EECS,Y,N,N,M,EN,78,96,96,LE,EECS,LAB,2,W,MA,EN,40,48,48,T,13:00,110,,MK,4010,48,,Course Director:,Section Director: 102088871  Fokaefs Marios,Meet Instructor:,893465
308548,LE,CSSD,2203,,4,4,4,EN,2025,FW,LE,W,Software Design,LE,EECS,Y,N,N,M,EN,78,96,96,LE,EECS,LAB,2,W,MA,EN,40,48,48,M,10:00,110,,MK,4010,48,,Course Director:,Section Director: 102088871  Fokaefs Marios,Meet Instructor:,893464
308548,LE,CSSD,2203,,4,4,4,EN,2025,FW,LE,W,Software Design,LE,EECS,Y,N,N,M,EN,78,96,96,LE,EECS,LAB,3,W,MA,EN,0,0,0,T,13:00,110,1,MK,4015,28,,Course Director:,Section Director: 102088871  Fokaefs Marios,Meet Instructor:,893467
308548,LE,CSSD,2203,,4,4,4,EN,2025,FW,LE,W,Software Design,LE,EECS,Y,N,N,M,EN,78,96,96,LE,EECS,LAB,3,W,MA,EN,0,0,0,M,10:00,110,1,MK,4015,28,,Course Director:,Section Director: 102088871  Fokaefs Marios,Meet Instructor:,893466
308549,LE,CSSD,2211,,3,3,3,EN,2025,FW,LE,W,Introduction to Cloud Computing,LE,EECS,Y,N,N,M,EN,36,48,48,LE,EECS,LECT,1,W,MA,EN,36,48,48,W,13:00,80,,MK,2065,100,,Course Director:,Section Director: 102088871  Fokaefs Marios,Meet Instructor: 102088871  Fokaefs Marios,893473
308549,LE,CSSD,2211,,3,3,3,EN,2025,FW,LE,W,Introduction to Cloud Computing,LE,EECS,Y,N,N,M,EN,36,48,48,LE,EECS,LAB,1,W,MA,EN,36,48,48,W,9:00,170,,MK,4005,48,,Course Director:,Section Director: 102088871  Fokaefs Marios,Meet Instructor:,893470
308549,LE,CSSD,2211,,3,3,3,EN,2025,FW,LE,W,Introduction to Cloud Computing,LE,EECS,Y,N,N,M,EN,36,48,48,LE,EECS,LAB,2,W,MA,EN,0,0,48,W,9:00,170,1,MK,4010,48,,Course Director:,Section Director: 102088871  Fokaefs Marios,Meet Instructor:,893471
308549,LE,CSSD,2211,,3,3,3,EN,2025,FW,LE,W,Introduction to Cloud Computing,LE,EECS,Y,N,N,M,EN,36,48,48,LE,EECS,LAB,3,W,MA,EN,0,0,0,W,9:00,170,1,MK,4015,28,,Course Director:,Section Director: 102088871  Fokaefs Marios,Meet Instructor:,893472
308550,LE,CSSD,2221,,3,3,3,EN,2025,FW,LE,W,Introduction to Security,LE,EECS,Y,N,N,M,EN,35,48,48,LE,EECS,LECT,1,W,MA,EN,35,48,48,R,9:00,80,,MK,4100,50,,Course Director:,Section Director: 102031586  Mohaghegh Navid,Meet Instructor: 102031586  Mohaghegh Navid,893477
308550,LE,CSSD,2221,,3,3,3,EN,2025,FW,LE,W,Introduction to Security,LE,EECS,Y,N,N,M,EN,35,48,48,LE,EECS,LAB,1,W,MA,EN,35,48,48,R,13:00,170,,MK,4005,48,,Course Director:,Section Director: 102031586  Mohaghegh Navid,Meet Instructor:,893474
308550,LE,CSSD,2221,,3,3,3,EN,2025,FW,LE,W,Introduction to Security,LE,EECS,Y,N,N,M,EN,35,48,48,LE,EECS,LAB,2,W,MA,EN,0,0,0,R,13:00,170,1,MK,4010,48,,Course Director:,Section Director: 102031586  Mohaghegh Navid,Meet Instructor:,893475
308550,LE,CSSD,2221,,3,3,3,EN,2025,FW,LE,W,Introduction to Security,LE,EECS,Y,N,N,M,EN,35,48,48,LE,EECS,LAB,3,W,MA,EN,0,0,0,R,13:00,170,1,MK,4015,28,,Course Director:,Section Director: 102031586  Mohaghegh Navid,Meet Instructor:,893476
308624,LE,CSSD,2231,,3,3,3,EN,2025,FW,LE,W,Introduction to Data Science & Application,LE,EECS,Y,N,N,M,EN,31,48,48,LE,EECS,LECT,1,W,MA,EN,31,48,48,F,12:30,80,,MK,4025,50,,Course Director:,Section Director: 102122394  Qin Meiying,Meet Instructor: 102122394  Qin Meiying,893481
308624,LE,CSSD,2231,,3,3,3,EN,2025,FW,LE,W,Introduction to Data Science & Application,LE,EECS,Y,N,N,M,EN,31,48,48,LE,EECS,LAB,1,W,MA,EN,31,48,48,F,14:00,170,,MK,4005,48,,Course Director:,Section Director: 102122394  Qin Meiying,Meet Instructor:,893478
308624,LE,CSSD,2231,,3,3,3,EN,2025,FW,LE,W,Introduction to Data Science & Application,LE,EECS,Y,N,N,M,EN,31,48,48,LE,EECS,LAB,2,W,MA,EN,0,0,0,F,14:00,170,1,MK,4010,48,,Course Director:,Section Director: 102122394  Qin Meiying,Meet Instructor:,893479
308624,LE,CSSD,2231,,3,3,3,EN,2025,FW,LE,W,Introduction to Data Science & Application,LE,EECS,Y,N,N,M,EN,31,48,48,LE,EECS,LAB,3,W,MA,EN,0,0,0,F,14:00,170,1,MK,4015,28,,Course Director:,Section Director: 102122394  Qin Meiying,Meet Instructor:,893480
308551,LE,CSSD,2261,,3,3,3,EN,2025,FW,LE,W,"Professionalism, Systems Thinking & Meaningful Impact in Technology",LE,EECS,N,N,N,M,EN,82,96,96,LE,EECS,LECT,1,W,MA,EN,82,96,96,M,13:00,110,,MK,2060,100,,Course Director:,Section Director: 102093820  Zhuang Kai,Meet Instructor: 102093820  Zhuang Kai,893482
308551,LE,CSSD,2261,,3,3,3,EN,2025,FW,LE,W,"Professionalism, Systems Thinking & Meaningful Impact in Technology",LE,EECS,N,N,N,M,EN,82,96,96,LE,EECS,TUTR,1,W,MA,EN,43,48,48,M,16:30,50,,MK,4045,48,,Course Director:,Section Director: 102093820  Zhuang Kai,Meet Instructor:,893483
308551,LE,CSSD,2261,,3,3,3,EN,2025,FW,LE,W,"Professionalism, Systems Thinking & Meaningful Impact in Technology",LE,EECS,N,N,N,M,EN,82,96,96,LE,EECS,TUTR,2,W,MA,EN,39,48,48,M,16:30,50,,MK,4040,50,,Course Director:,Section Director: 102093820  Zhuang Kai,Meet Instructor:,893484
308551,LE,CSSD,2261,,3,3,3,EN,2025,FW,LE,W,"Professionalism, Systems Thinking & Meaningful Impact in Technology",LE,EECS,N,N,N,M,EN,82,96,96,LE,EECS,TUTR,3,W,MA,EN,0,0,0,M,16:30,50,1,,,,,Course Director:,Section Director: 102093820  Zhuang Kai,Meet Instructor:,893485
308552,LE,CSSD,2401,,3,3,3,EN,2025,FW,LE,W,User Interface Development,LE,EECS,Y,N,N,M,EN,14,48,48,LE,EECS,LECT,1,W,MA,EN,14,48,48,M,15:00,80,,MK,4100,50,,Course Director:,Section Director: 102031586  Mohaghegh Navid,Meet Instructor: 102031586  Mohaghegh Navid,893489
308552,LE,CSSD,2401,,3,3,3,EN,2025,FW,LE,W,User Interface Development,LE,EECS,Y,N,N,M,EN,14,48,48,LE,EECS,LAB,1,W,MA,EN,14,48,48,T,15:00,170,,MK,4005,48,,Course Director:,Section Director: 102031586  Mohaghegh Navid,Meet Instructor:,893486
308552,LE,CSSD,2401,,3,3,3,EN,2025,FW,LE,W,User Interface Development,LE,EECS,Y,N,N,M,EN,14,48,48,LE,EECS,LAB,2,W,MA,EN,0,0,0,T,15:00,170,1,MK,4010,48,,Course Director:,Section Director: 102031586  Mohaghegh Navid,Meet Instructor:,893487
308552,LE,CSSD,2401,,3,3,3,EN,2025,FW,LE,W,User Interface Development,LE,EECS,Y,N,N,M,EN,14,48,48,LE,EECS,LAB,3,W,MA,EN,0,0,0,T,15:00,170,1,,,,,Course Director:,Section Director: 102031586  Mohaghegh Navid,Meet Instructor:,893488
304621,LE,DIGT,1161,,2,2,2,EN,2025,FW,LE,Y,Teamwork and Communication in Software Development,LE,EECS,N,N,N,A,EN,28,28,28,LE,EECS,BLEN,1,M,MA,EN,28,28,28,W,9:30,50,2,,,,,Course Director:,Section Director: 102133610  Chan Barnaby,Meet Instructor: 102133610  Chan Barnaby,893274
304621,LE,DIGT,1161,,2,2,2,EN,2025,FW,LE,Y,Teamwork and Communication in Software Development,LE,EECS,N,N,N,A,EN,28,28,28,LE,EECS,BLEN,1,M,MA,EN,28,28,28,M,9:30,50,2,,,,,Course Director:,Section Director: 102133610  Chan Barnaby,Meet Instructor: 102133610  Chan Barnaby,893273
304621,LE,DIGT,1161,,2,2,2,EN,2025,FW,LE,Y,Teamwork and Communication in Software Development,LE,EECS,N,N,N,A,EN,28,28,28,LE,EECS,LAB,1,M,MA,EN,28,28,28,W,10:30,80,2,,,,,Course Director:,Section Director: 102133610  Chan Barnaby,Meet Instructor:,893276
304621,LE,DIGT,1161,,2,2,2,EN,2025,FW,LE,Y,Teamwork and Communication in Software Development,LE,EECS,N,N,N,A,EN,28,28,28,LE,EECS,LAB,1,M,MA,EN,28,28,28,M,10:30,80,2,,,,,Course Director:,Section Director: 102133610  Chan Barnaby,Meet Instructor:,893275
310336,LE,DIGT,1201,,8,8,8,EN,2025,FW,LE,WS,Object-Oriented Problem Solving,LE,EECS,Y,Y,N,M,EN,27,28,28,LE,EECS,BLEN,1,W,MA,EN,27,28,28,M,13:00,80,2,,,,,Course Director:,Section Director: 102111441  Vashisth Pooja,Meet Instructor: 102111441  Vashisth Pooja,895546
310336,LE,DIGT,1201,,8,8,8,EN,2025,FW,LE,WS,Object-Oriented Problem Solving,LE,EECS,Y,Y,N,M,EN,27,28,28,LE,EECS,BLEN,1,W,MA,EN,27,28,28,W,13:00,80,2,,,,,Course Director:,Section Director: 102111441  Vashisth Pooja,Meet Instructor: 102111441  Vashisth Pooja,895547
310336,LE,DIGT,1201,,8,8,8,EN,2025,FW,LE,WS,Object-Oriented Problem Solving,LE,EECS,Y,Y,N,M,EN,27,28,28,LE,EECS,LAB,1,W,MA,EN,27,28,28,M,14:30,170,2,,,,,Course Director:,Section Director: 102111441  Vashisth Pooja,Meet Instructor:,895548
310336,LE,DIGT,1201,,8,8,8,EN,2025,FW,LE,WS,Object-Oriented Problem Solving,LE,EECS,Y,Y,N,M,EN,27,28,28,LE,EECS,LAB,1,W,MA,EN,27,28,28,W,14:30,170,2,,,,,Course Director:,Section Director: 102111441  Vashisth Pooja,Meet Instructor:,895549
310336,LE,DIGT,1201,,8,8,8,EN,2025,FW,LE,WS,Object-Oriented Problem Solving,LE,EECS,Y,Y,N,M,EN,27,28,28,LE,EECS,LAB,1,W,MA,EN,27,28,28,F,9:30,70,2,,,,,Course Director:,Section Director: 102111441  Vashisth Pooja,Meet Instructor:,895550
310336,LE,DIGT,1201,,8,8,8,EN,2025,FW,LE,WS,Object-Oriented Problem Solving,LE,EECS,Y,Y,N,M,EN,27,28,28,LE,EECS,LAB,1,W,MA,EN,27,28,28,F,13:30,170,2,,,,,Course Director:,Section Director: 102111441  Vashisth Pooja,Meet Instructor:,895551
307988,LE,DIGT,1271,,1,1,1,EN,2025,FW,LE,WS,Technology Leadership & Professional Reflection 1,LE,EECS,N,Y,N,M,EN,27,28,28,LE,EECS,BLEN,1,W,MA,EN,27,28,28,R,13:30,110,2,,,,,Course Director:,Section Director: 102093820  Zhuang Kai,Meet Instructor: 102093820  Zhuang Kai,893286
308249,LE,DIGT,1272,,3,3,3,EN,2025,FW,LE,W,Mobilizing Digital Citizenship,LE,EECS,Y,N,N,M,EN,69,70,70,LE,EECS,SEMR,1,W,MA,EN,69,70,70,R,14:30,170,2,MK,4070,137,,Course Director:,Section Director: 102058344  Sicondolfo Claudia,Meet Instructor: 102058344  Sicondolfo Claudia,893288
308249,LE,DIGT,1272,,3,3,3,EN,2025,FW,LE,W,Mobilizing Digital Citizenship,LE,EECS,Y,N,N,N,EN,0,0,0,LE,EECS,SEMR,1,W,MA,EN,0,0,0,R,14:30,170,1,,,,,Course Director:,Section Director:,Meet Instructor:,893289
308249,LE,DIGT,1272,,3,3,3,EN,2025,FW,LE,W,Mobilizing Digital Citizenship,LE,EECS,Y,N,N,O,EN,28,30,30,LE,EECS,BLEN,1,W,MA,EN,28,30,30,R,9:30,170,2,,,,,Course Director:,Section Director: 102058344  Sicondolfo Claudia,Meet Instructor: 102058344  Sicondolfo Claudia,895137
307683,LE,DIGT,2102,,8,8,8,EN,2025,FW,LE,FS,"Data Structures, Algorithms & Analysis",LE,EECS,Y,Y,N,A,EN,14,15,15,LE,EECS,BLEN,1,M,MA,EN,14,15,15,W,9:30,80,2,,,,,Course Director:,Section Director: 102116533  Zhang Larry Yueli,Meet Instructor: 102116533  Zhang Larry Yueli,893291
307683,LE,DIGT,2102,,8,8,8,EN,2025,FW,LE,FS,"Data Structures, Algorithms & Analysis",LE,EECS,Y,Y,N,A,EN,14,15,15,LE,EECS,BLEN,1,M,MA,EN,14,15,15,M,9:30,80,2,,,,,Course Director:,Section Director: 102116533  Zhang Larry Yueli,Meet Instructor: 102116533  Zhang Larry Yueli,893290
307683,LE,DIGT,2102,,8,8,8,EN,2025,FW,LE,FS,"Data Structures, Algorithms & Analysis",LE,EECS,Y,Y,N,A,EN,14,15,15,LE,EECS,LAB,1,M,MA,EN,14,15,15,W,11:00,80,2,,,,,Course Director:,Section Director: 102116533  Zhang Larry Yueli,Meet Instructor:,893293
307683,LE,DIGT,2102,,8,8,8,EN,2025,FW,LE,FS,"Data Structures, Algorithms & Analysis",LE,EECS,Y,Y,N,A,EN,14,15,15,LE,EECS,LAB,1,M,MA,EN,14,15,15,F,9:30,170,2,,,,,Course Director:,Section Director: 102116533  Zhang Larry Yueli,Meet Instructor:,893294
307683,LE,DIGT,2102,,8,8,8,EN,2025,FW,LE,FS,"Data Structures, Algorithms & Analysis",LE,EECS,Y,Y,N,A,EN,14,15,15,LE,EECS,LAB,1,M,MA,EN,14,15,15,M,11:00,80,2,,,,,Course Director:,Section Director: 102116533  Zhang Larry Yueli,Meet Instructor:,893292
307681,LE,DIGT,2103,,4,4,4,EN,2025,FW,LE,Y,Introduction to Computer Organization & Systems,LE,EECS,Y,Y,N,A,EN,14,15,15,LE,EECS,BLEN,1,M,MA,EN,14,15,15,M,13:30,80,2,,,,,Course Director:,Section Director: 102118980  Schroeder Jonatan,Meet Instructor: 102118980  Schroeder Jonatan,893295
307681,LE,DIGT,2103,,4,4,4,EN,2025,FW,LE,Y,Introduction to Computer Organization & Systems,LE,EECS,Y,Y,N,A,EN,14,15,15,LE,EECS,BLEN,1,M,MA,EN,14,15,15,W,13:30,80,2,,,,,Course Director:,Section Director: 102118980  Schroeder Jonatan,Meet Instructor: 102118980  Schroeder Jonatan,893296
307681,LE,DIGT,2103,,4,4,4,EN,2025,FW,LE,Y,Introduction to Computer Organization & Systems,LE,EECS,Y,Y,N,A,EN,14,15,15,LE,EECS,LAB,1,W,MA,EN,14,15,15,W,15:00,110,2,,,,,Course Director:,Section Director: 102118980  Schroeder Jonatan,Meet Instructor:,893297
307681,LE,DIGT,2103,,4,4,4,EN,2025,FW,LE,Y,Introduction to Computer Organization & Systems,LE,EECS,Y,Y,N,A,EN,14,15,15,LE,EECS,LAB,1,W,MA,EN,14,15,15,M,15:00,110,2,,,,,Course Director:,Section Director: 102118980  Schroeder Jonatan,Meet Instructor:,893298
307684,LE,DIGT,2107,,3,3,3,EN,2025,FW,LE,FS,Practice of Software Development,LE,EECS,Y,Y,N,A,EN,14,15,15,LE,EECS,BLEN,1,M,MA,EN,14,15,15,T,13:30,50,2,,,,,Course Director:,Section Director: 102122087  Haidar May,Meet Instructor: 102122087  Haidar May,893299
307684,LE,DIGT,2107,,3,3,3,EN,2025,FW,LE,FS,Practice of Software Development,LE,EECS,Y,Y,N,A,EN,14,15,15,LE,EECS,LAB,1,M,MA,EN,14,15,15,T,14:30,110,2,,,,,Course Director:,Section Director: 102122087  Haidar May,Meet Instructor:,893300
307684,LE,DIGT,2107,,3,3,3,EN,2025,FW,LE,FS,Practice of Software Development,LE,EECS,Y,Y,N,A,EN,14,15,15,LE,EECS,LAB,1,M,MA,EN,14,15,15,R,13:30,170,2,,,,,Course Director:,Section Director: 102122087  Haidar May,Meet Instructor:,893301
307685,LE,DIGT,2201,,3,3,3,EN,2025,FW,LE,W,Introduction to Data Science,LE,EECS,Y,Y,N,M,EN,14,15,15,LE,EECS,BLEN,1,M,MA,EN,14,15,15,T,9:00,110,2,,,,,Course Director:,Section Director: 102122394  Qin Meiying,Meet Instructor: 102122394  Qin Meiying,893302
307685,LE,DIGT,2201,,3,3,3,EN,2025,FW,LE,W,Introduction to Data Science,LE,EECS,Y,Y,N,M,EN,14,15,15,LE,EECS,BLEN,1,M,MA,EN,14,15,15,R,9:00,110,2,,,,,Course Director:,Section Director: 102122394  Qin Meiying,Meet Instructor: 102122394  Qin Meiying,893303
307685,LE,DIGT,2201,,3,3,3,EN,2025,FW,LE,W,Introduction to Data Science,LE,EECS,Y,Y,N,M,EN,14,15,15,LE,EECS,LAB,1,M,MA,EN,14,15,15,T,11:00,50,2,,,,,Course Director:,Section Director: 102122394  Qin Meiying,Meet Instructor:,893304
307685,LE,DIGT,2201,,3,3,3,EN,2025,FW,LE,W,Introduction to Data Science,LE,EECS,Y,Y,N,M,EN,14,15,15,LE,EECS,LAB,1,M,MA,EN,14,15,15,T,13:00,110,2,,,,,Course Director:,Section Director: 102122394  Qin Meiying,Meet Instructor:,893305
307685,LE,DIGT,2201,,3,3,3,EN,2025,FW,LE,W,Introduction to Data Science,LE,EECS,Y,Y,N,M,EN,14,15,15,LE,EECS,LAB,1,M,MA,EN,14,15,15,R,15:30,170,2,,,,,Course Director:,Section Director: 102122394  Qin Meiying,Meet Instructor:,893306
307686,LE,DIGT,2206,,3,3,3,EN,2025,FW,LE,W,Computer Networks,LE,EECS,Y,Y,N,M,EN,14,15,15,LE,EECS,BLEN,1,M,MA,EN,14,15,15,M,13:00,110,2,,,,,Course Director:,Section Director: 102118980  Schroeder Jonatan,Meet Instructor: 102118980  Schroeder Jonatan,893307
307686,LE,DIGT,2206,,3,3,3,EN,2025,FW,LE,W,Computer Networks,LE,EECS,Y,Y,N,M,EN,14,15,15,LE,EECS,BLEN,1,M,MA,EN,14,15,15,W,13:00,110,2,,,,,Course Director:,Section Director: 102118980  Schroeder Jonatan,Meet Instructor: 102118980  Schroeder Jonatan,893308
307686,LE,DIGT,2206,,3,3,3,EN,2025,FW,LE,W,Computer Networks,LE,EECS,Y,Y,N,M,EN,14,15,15,LE,EECS,LAB,1,M,MA,EN,14,15,15,M,15:00,170,2,,,,,Course Director:,Section Director: 102118980  Schroeder Jonatan,Meet Instructor:,893309
307686,LE,DIGT,2206,,3,3,3,EN,2025,FW,LE,W,Computer Networks,LE,EECS,Y,Y,N,M,EN,14,15,15,LE,EECS,LAB,1,M,MA,EN,14,15,15,W,15:00,170,2,,,,,Course Director:,Section Director: 102118980  Schroeder Jonatan,Meet Instructor:,893310
307687,LE,DIGT,2271,,1,1,1,EN,2025,FW,LE,WS,Technology Leadership & Professional Reflection 2,LE,EECS,Y,Y,N,M,EN,14,15,15,LE,EECS,BLEN,1,M,MA,EN,14,15,15,R,13:30,110,2,,,,,Course Director:,Section Director: 102093820  Zhuang Kai,Meet Instructor: 102093820  Zhuang Kai,893311
309794,LE,DIGT,3101,,3,3,3,EN,2025,FW,LE,FS,Software Development Lifecycle,LE,EECS,Y,N,N,A,EN,16,20,20,LE,EECS,BLEN,1,M,MA,EN,16,20,20,M,14:00,50,,,,,,Course Director:,Section Director: 102122087  Haidar May,Meet Instructor: 102122087  Haidar May,893312
309794,LE,DIGT,3101,,3,3,3,EN,2025,FW,LE,FS,Software Development Lifecycle,LE,EECS,Y,N,N,A,EN,16,20,20,LE,EECS,LAB,1,M,MA,EN,16,20,20,T,14:00,110,,,,,,Course Director:,Section Director: 102122087  Haidar May,Meet Instructor:,893314
309794,LE,DIGT,3101,,3,3,3,EN,2025,FW,LE,FS,Software Development Lifecycle,LE,EECS,Y,N,N,A,EN,16,20,20,LE,EECS,LAB,1,M,MA,EN,16,20,20,M,15:00,50,,,,,,Course Director:,Section Director: 102122087  Haidar May,Meet Instructor:,893313
309794,LE,DIGT,3101,,3,3,3,EN,2025,FW,LE,FS,Software Development Lifecycle,LE,EECS,Y,N,N,A,EN,16,20,20,LE,EECS,LAB,1,M,MA,EN,16,20,20,F,9:00,110,,,,,,Course Director:,Section Director: 102122087  Haidar May,Meet Instructor:,893315
309795,LE,DIGT,3107,,3,3,3,EN,2025,FW,LE,Y,Data Management Systems,LE,EECS,Y,N,N,A,EN,16,20,20,LE,EECS,BLEN,1,M,MA,EN,16,20,20,M,9:00,110,,,,,,Course Director:,Section Director: 102111441  Vashisth Pooja,Meet Instructor: 102111441  Vashisth Pooja,893316
309795,LE,DIGT,3107,,3,3,3,EN,2025,FW,LE,Y,Data Management Systems,LE,EECS,Y,N,N,A,EN,16,20,20,LE,EECS,BLEN,1,M,MA,EN,16,20,20,W,9:00,110,,,,,,Course Director:,Section Director: 102111441  Vashisth Pooja,Meet Instructor: 102111441  Vashisth Pooja,893317
309795,LE,DIGT,3107,,3,3,3,EN,2025,FW,LE,Y,Data Management Systems,LE,EECS,Y,N,N,A,EN,16,20,20,LE,EECS,LAB,1,M,MA,EN,16,20,20,F,12:00,110,,,,,,Course Director:,Section Director: 102111441  Vashisth Pooja,Meet Instructor:,893320
309795,LE,DIGT,3107,,3,3,3,EN,2025,FW,LE,Y,Data Management Systems,LE,EECS,Y,N,N,A,EN,16,20,20,LE,EECS,LAB,1,M,MA,EN,16,20,20,W,11:00,110,,,,,,Course Director:,Section Director: 102111441  Vashisth Pooja,Meet Instructor:,893319
309795,LE,DIGT,3107,,3,3,3,EN,2025,FW,LE,Y,Data Management Systems,LE,EECS,Y,N,N,A,EN,16,20,20,LE,EECS,LAB,1,M,MA,EN,16,20,20,M,11:00,110,,,,,,Course Director:,Section Director: 102111441  Vashisth Pooja,Meet Instructor:,893318
309798,LE,DIGT,3121,,3,3,3,EN,2025,FW,LE,WS,Network Security,LE,EECS,Y,N,N,M,EN,4,20,20,LE,EECS,BLEN,1,M,MA,EN,4,20,20,R,9:00,110,,,,,,Course Director:,Section Director: 102118980  Schroeder Jonatan,Meet Instructor: 102118980  Schroeder Jonatan,893322
309798,LE,DIGT,3121,,3,3,3,EN,2025,FW,LE,WS,Network Security,LE,EECS,Y,N,N,M,EN,4,20,20,LE,EECS,BLEN,1,M,MA,EN,4,20,20,T,9:00,110,,,,,,Course Director:,Section Director: 102118980  Schroeder Jonatan,Meet Instructor: 102118980  Schroeder Jonatan,893321
309798,LE,DIGT,3121,,3,3,3,EN,2025,FW,LE,WS,Network Security,LE,EECS,Y,N,N,M,EN,4,20,20,LE,EECS,LAB,1,M,MA,EN,4,20,20,F,15:00,110,2,,,,,Course Director:,Section Director: 102118980  Schroeder Jonatan,Meet Instructor:,893325
309798,LE,DIGT,3121,,3,3,3,EN,2025,FW,LE,WS,Network Security,LE,EECS,Y,N,N,M,EN,4,20,20,LE,EECS,LAB,1,M,MA,EN,4,20,20,T,16:00,110,2,,,,,Course Director:,Section Director: 102118980  Schroeder Jonatan,Meet Instructor:,893323
309798,LE,DIGT,3121,,3,3,3,EN,2025,FW,LE,WS,Network Security,LE,EECS,Y,N,N,M,EN,4,20,20,LE,EECS,LAB,1,M,MA,EN,4,20,20,R,16:00,110,2,,,,,Course Director:,Section Director: 102118980  Schroeder Jonatan,Meet Instructor:,893324
309787,LE,DIGT,3131,,3,3,3,EN,2025,FW,LE,Y,Introduction to Machine Learning I,LE,EECS,Y,N,N,A,EN,4,20,20,LE,EECS,BLEN,1,M,MA,EN,4,20,20,W,16:00,110,,,,,,Course Director:,Section Director: 102111441  Vashisth Pooja,Meet Instructor: 102111441  Vashisth Pooja,893326
309787,LE,DIGT,3131,,3,3,3,EN,2025,FW,LE,Y,Introduction to Machine Learning I,LE,EECS,Y,N,N,A,EN,4,20,20,LE,EECS,BLEN,1,M,MA,EN,4,20,20,R,9:00,110,,,,,,Course Director:,Section Director: 102111441  Vashisth Pooja,Meet Instructor: 102111441  Vashisth Pooja,893327
309787,LE,DIGT,3131,,3,3,3,EN,2025,FW,LE,Y,Introduction to Machine Learning I,LE,EECS,Y,N,N,A,EN,4,20,20,LE,EECS,LAB,1,M,MA,EN,4,20,20,R,14:00,110,2,,,,,Course Director:,Section Director: 102111441  Vashisth Pooja,Meet Instructor:,893329
309787,LE,DIGT,3131,,3,3,3,EN,2025,FW,LE,Y,Introduction to Machine Learning I,LE,EECS,Y,N,N,A,EN,4,20,20,LE,EECS,LAB,1,M,MA,EN,4,20,20,T,16:00,110,2,,,,,Course Director:,Section Director: 102111441  Vashisth Pooja,Meet Instructor:,893328
309787,LE,DIGT,3131,,3,3,3,EN,2025,FW,LE,Y,Introduction to Machine Learning I,LE,EECS,Y,N,N,A,EN,4,20,20,LE,EECS,LAB,1,M,MA,EN,4,20,20,F,15:00,110,2,,,,,Course Director:,Section Director: 102111441  Vashisth Pooja,Meet Instructor:,893330
309790,LE,DIGT,3141,,3,3,3,EN,2025,FW,LE,Y,Software I: Software Design and Architecture,LE,EECS,Y,N,N,A,EN,8,20,20,LE,EECS,BLEN,1,M,MA,EN,8,20,20,R,11:00,110,,,,,,Course Director:,Section Director: 102088871  Fokaefs Marios,Meet Instructor: 102088871  Fokaefs Marios,893332
309790,LE,DIGT,3141,,3,3,3,EN,2025,FW,LE,Y,Software I: Software Design and Architecture,LE,EECS,Y,N,N,A,EN,8,20,20,LE,EECS,BLEN,1,M,MA,EN,8,20,20,T,11:00,110,,,,,,Course Director:,Section Director: 102088871  Fokaefs Marios,Meet Instructor: 102088871  Fokaefs Marios,893331
309790,LE,DIGT,3141,,3,3,3,EN,2025,FW,LE,Y,Software I: Software Design and Architecture,LE,EECS,Y,N,N,A,EN,8,20,20,LE,EECS,LAB,1,M,MA,EN,8,20,20,T,16:00,110,2,,,,,Course Director:,Section Director: 102088871  Fokaefs Marios,Meet Instructor:,893333
309790,LE,DIGT,3141,,3,3,3,EN,2025,FW,LE,Y,Software I: Software Design and Architecture,LE,EECS,Y,N,N,A,EN,8,20,20,LE,EECS,LAB,1,M,MA,EN,8,20,20,F,15:00,110,2,,,,,Course Director:,Section Director: 102088871  Fokaefs Marios,Meet Instructor:,893335
309790,LE,DIGT,3141,,3,3,3,EN,2025,FW,LE,Y,Software I: Software Design and Architecture,LE,EECS,Y,N,N,A,EN,8,20,20,LE,EECS,LAB,1,M,MA,EN,8,20,20,R,14:00,110,2,,,,,Course Director:,Section Director: 102088871  Fokaefs Marios,Meet Instructor:,893334
309800,LE,DIGT,3171,,9,9,9,EN,2025,FW,LE,FS,Digital Technologies Project,LE,EECS,Y,N,N,A,EN,16,20,20,LE,EECS,BLEN,1,M,MA,EN,16,20,20,T,9:00,110,,,,,,Course Director:,Section Director: 102122394  Qin Meiying,Meet Instructor: 102122394  Qin Meiying,893336
309876,LE,DIGT,3203,,3,3,3,EN,2025,FW,LE,WS,Distributed Systems,LE,EECS,Y,N,N,M,EN,16,20,20,LE,EECS,BLEN,1,M,MA,EN,16,20,20,W,14:00,110,,,,,,Course Director:,Section Director: 102109391  Kontogiannis Kostas,Meet Instructor: 102109391  Kontogiannis Kostas,896057
309876,LE,DIGT,3203,,3,3,3,EN,2025,FW,LE,WS,Distributed Systems,LE,EECS,Y,N,N,M,EN,16,20,20,LE,EECS,BLEN,1,M,MA,EN,16,20,20,M,16:00,110,,,,,,Course Director:,Section Director: 102109391  Kontogiannis Kostas,Meet Instructor: 102109391  Kontogiannis Kostas,896056
309876,LE,DIGT,3203,,3,3,3,EN,2025,FW,LE,WS,Distributed Systems,LE,EECS,Y,N,N,M,EN,16,20,20,LE,EECS,LAB,1,M,MA,EN,16,20,20,T,11:00,170,,,,,,Course Director:,Section Director: 102109391  Kontogiannis Kostas,Meet Instructor:,896058
309876,LE,DIGT,3203,,3,3,3,EN,2025,FW,LE,WS,Distributed Systems,LE,EECS,Y,N,N,M,EN,16,20,20,LE,EECS,LAB,1,M,MA,EN,16,20,20,R,11:00,170,,,,,,Course Director:,Section Director: 102109391  Kontogiannis Kostas,Meet Instructor:,896059
309796,LE,DIGT,3206,,3,3,3,EN,2025,FW,LE,WS,Security and Privacy: Awareness and Governance,LE,EECS,Y,N,N,M,EN,16,20,20,LE,EECS,BLEN,1,M,MA,EN,16,20,20,M,9:00,110,,,,,,Course Director:,Section Director: 102031586  Mohaghegh Navid,Meet Instructor: 102031586  Mohaghegh Navid,893337
309796,LE,DIGT,3206,,3,3,3,EN,2025,FW,LE,WS,Security and Privacy: Awareness and Governance,LE,EECS,Y,N,N,M,EN,16,20,20,LE,EECS,BLEN,1,M,MA,EN,16,20,20,W,9:00,110,,,,,,Course Director:,Section Director: 102031586  Mohaghegh Navid,Meet Instructor: 102031586  Mohaghegh Navid,893338
309796,LE,DIGT,3206,,3,3,3,EN,2025,FW,LE,WS,Security and Privacy: Awareness and Governance,LE,EECS,Y,N,N,M,EN,16,20,20,LE,EECS,LAB,1,M,MA,EN,16,20,20,W,11:00,110,,,,,,Course Director:,Section Director: 102031586  Mohaghegh Navid,Meet Instructor:,893340
309796,LE,DIGT,3206,,3,3,3,EN,2025,FW,LE,WS,Security and Privacy: Awareness and Governance,LE,EECS,Y,N,N,M,EN,16,20,20,LE,EECS,LAB,1,M,MA,EN,16,20,20,M,11:00,110,,,,,,Course Director:,Section Director: 102031586  Mohaghegh Navid,Meet Instructor:,893339
309796,LE,DIGT,3206,,3,3,3,EN,2025,FW,LE,WS,Security and Privacy: Awareness and Governance,LE,EECS,Y,N,N,M,EN,16,20,20,LE,EECS,LAB,1,M,MA,EN,16,20,20,F,12:00,110,,,,,,Course Director:,Section Director: 102031586  Mohaghegh Navid,Meet Instructor:,893341
309799,LE,DIGT,3221,,3,3,3,EN,2025,FW,LE,Y,Security by Design,LE,EECS,Y,N,N,A,EN,4,20,20,LE,EECS,BLEN,1,M,MA,EN,4,20,20,M,16:00,110,,,,,,Course Director:,Section Director: 102031586  Mohaghegh Navid,Meet Instructor: 102031586  Mohaghegh Navid,893342
309799,LE,DIGT,3221,,3,3,3,EN,2025,FW,LE,Y,Security by Design,LE,EECS,Y,N,N,A,EN,4,20,20,LE,EECS,BLEN,1,M,MA,EN,4,20,20,W,14:00,110,,,,,,Course Director:,Section Director: 102031586  Mohaghegh Navid,Meet Instructor: 102031586  Mohaghegh Navid,893343
309799,LE,DIGT,3221,,3,3,3,EN,2025,FW,LE,Y,Security by Design,LE,EECS,Y,N,N,A,EN,4,20,20,LE,EECS,LAB,1,M,MA,EN,4,20,20,R,14:00,110,2,,,,,Course Director:,Section Director: 102031586  Mohaghegh Navid,Meet Instructor:,893345
309799,LE,DIGT,3221,,3,3,3,EN,2025,FW,LE,Y,Security by Design,LE,EECS,Y,N,N,A,EN,4,20,20,LE,EECS,LAB,1,M,MA,EN,4,20,20,T,16:00,110,2,,,,,Course Director:,Section Director: 102031586  Mohaghegh Navid,Meet Instructor:,893344
309799,LE,DIGT,3221,,3,3,3,EN,2025,FW,LE,Y,Security by Design,LE,EECS,Y,N,N,A,EN,4,20,20,LE,EECS,LAB,1,M,MA,EN,4,20,20,F,15:00,110,2,,,,,Course Director:,Section Director: 102031586  Mohaghegh Navid,Meet Instructor:,893346
309877,LE,DIGT,3231,,3,3,3,EN,2025,FW,LE,WS,Introduction to Machine Learning II,LE,EECS,Y,N,N,M,EN,4,20,20,LE,EECS,BLEN,1,M,MA,EN,4,20,20,T,9:00,110,,,,,,Course Director:,Section Director: 102122394  Qin Meiying,Meet Instructor: 102122394  Qin Meiying,893347
309877,LE,DIGT,3231,,3,3,3,EN,2025,FW,LE,WS,Introduction to Machine Learning II,LE,EECS,Y,N,N,M,EN,4,20,20,LE,EECS,BLEN,1,M,MA,EN,4,20,20,R,9:00,110,,,,,,Course Director:,Section Director: 102122394  Qin Meiying,Meet Instructor: 102122394  Qin Meiying,893348
309877,LE,DIGT,3231,,3,3,3,EN,2025,FW,LE,WS,Introduction to Machine Learning II,LE,EECS,Y,N,N,M,EN,4,20,20,LE,EECS,LAB,1,M,MA,EN,4,20,20,T,16:00,110,5,,,,,Course Director:,Section Director: 102122394  Qin Meiying,Meet Instructor:,893349
309877,LE,DIGT,3231,,3,3,3,EN,2025,FW,LE,WS,Introduction to Machine Learning II,LE,EECS,Y,N,N,M,EN,4,20,20,LE,EECS,LAB,1,M,MA,EN,4,20,20,R,16:00,110,5,,,,,Course Director:,Section Director: 102122394  Qin Meiying,Meet Instructor:,893350
309877,LE,DIGT,3231,,3,3,3,EN,2025,FW,LE,WS,Introduction to Machine Learning II,LE,EECS,Y,N,N,M,EN,4,20,20,LE,EECS,LAB,1,M,MA,EN,4,20,20,F,15:00,110,5,,,,,Course Director:,Section Director: 102122394  Qin Meiying,Meet Instructor:,893351
309878,LE,DIGT,3241,,3,3,3,EN,2025,FW,LE,WS,Software II: Software Testing and Quality Assurance,LE,EECS,Y,N,N,M,EN,8,20,20,LE,EECS,BLEN,1,M,MA,EN,8,20,20,R,9:00,110,,,,,,Course Director:,Section Director: 102088871  Fokaefs Marios,Meet Instructor: 102088871  Fokaefs Marios,893353
309878,LE,DIGT,3241,,3,3,3,EN,2025,FW,LE,WS,Software II: Software Testing and Quality Assurance,LE,EECS,Y,N,N,M,EN,8,20,20,LE,EECS,BLEN,1,M,MA,EN,8,20,20,T,9:00,110,,,,,,Course Director:,Section Director: 102088871  Fokaefs Marios,Meet Instructor: 102088871  Fokaefs Marios,893352
309878,LE,DIGT,3241,,3,3,3,EN,2025,FW,LE,WS,Software II: Software Testing and Quality Assurance,LE,EECS,Y,N,N,M,EN,8,20,20,LE,EECS,LAB,1,M,MA,EN,8,20,20,F,15:00,110,5,,,,,Course Director:,Section Director: 102088871  Fokaefs Marios,Meet Instructor:,893356
309878,LE,DIGT,3241,,3,3,3,EN,2025,FW,LE,WS,Software II: Software Testing and Quality Assurance,LE,EECS,Y,N,N,M,EN,8,20,20,LE,EECS,LAB,1,M,MA,EN,8,20,20,R,16:00,110,5,,,,,Course Director:,Section Director: 102088871  Fokaefs Marios,Meet Instructor:,893355
309878,LE,DIGT,3241,,3,3,3,EN,2025,FW,LE,WS,Software II: Software Testing and Quality Assurance,LE,EECS,Y,N,N,M,EN,8,20,20,LE,EECS,LAB,1,M,MA,EN,8,20,20,T,16:00,110,5,,,,,Course Director:,Section Director: 102088871  Fokaefs Marios,Meet Instructor:,893354
307690,LE,DIGT,3271,,1,1,1,EN,2025,FW,LE,WS,Technology Leadership & Professional Reflection 3,LE,EECS,Y,N,N,M,EN,16,20,20,LE,EECS,BLEN,1,M,MA,EN,16,20,20,R,14:00,110,,,,,,Course Director:,Section Director: 102093820  Zhuang Kai,Meet Instructor: 102093820  Zhuang Kai,893357
308748,LE,EECS,1021,,3,3,3,EN,2025,FW,LE,W,Object-Oriented Programming & Telemetry as Engineering Cornerstones,LE,EECS,Y,Y,N,V,EN,116,122,120,LE,EECS,LECT,1,W,MA,EN,116,122,120,M,12:30,50,,MK,4070,137,,Course Director:,Section Director: 102031586  Mohaghegh Navid,Meet Instructor: 102031586  Mohaghegh Navid,866196
308748,LE,EECS,1021,,3,3,3,EN,2025,FW,LE,W,Object-Oriented Programming & Telemetry as Engineering Cornerstones,LE,EECS,Y,Y,N,V,EN,116,122,120,LE,EECS,LECT,1,W,MA,EN,116,122,120,W,12:30,50,,MK,4070,137,,Course Director:,Section Director: 102031586  Mohaghegh Navid,Meet Instructor: 102031586  Mohaghegh Navid,866197
308748,LE,EECS,1021,,3,3,3,EN,2025,FW,LE,W,Object-Oriented Programming & Telemetry as Engineering Cornerstones,LE,EECS,Y,Y,N,V,EN,116,122,120,LE,EECS,LAB,1,W,MA,EN,25,25,24,T,9:00,170,,MK,4010,48,,Course Director:,Section Director: 102031586  Mohaghegh Navid,Meet Instructor:,866192
308748,LE,EECS,1021,,3,3,3,EN,2025,FW,LE,W,Object-Oriented Programming & Telemetry as Engineering Cornerstones,LE,EECS,Y,Y,N,V,EN,116,122,120,LE,EECS,LAB,2,W,MA,EN,25,25,24,R,9:00,170,,MK,4010,48,,Course Director:,Section Director: 102031586  Mohaghegh Navid,Meet Instructor:,866193
308748,LE,EECS,1021,,3,3,3,EN,2025,FW,LE,W,Object-Oriented Programming & Telemetry as Engineering Cornerstones,LE,EECS,Y,Y,N,V,EN,116,122,120,LE,EECS,LAB,3,W,MA,EN,24,24,24,T,9:00,170,,MK,4005,48,,Course Director:,Section Director: 102031586  Mohaghegh Navid,Meet Instructor:,866194
308748,LE,EECS,1021,,3,3,3,EN,2025,FW,LE,W,Object-Oriented Programming & Telemetry as Engineering Cornerstones,LE,EECS,Y,Y,N,V,EN,116,122,120,LE,EECS,LAB,4,W,MA,EN,23,24,24,R,9:00,170,,MK,4005,48,,Course Director:,Section Director: 102031586  Mohaghegh Navid,Meet Instructor:,866195
308748,LE,EECS,1021,,3,3,3,EN,2025,FW,LE,W,Object-Oriented Programming & Telemetry as Engineering Cornerstones,LE,EECS,Y,Y,N,V,EN,116,122,120,LE,EECS,LAB,5,W,MA,EN,19,24,24,T,15:30,110,,MK,4015,28,,Course Director:,Section Director: 102031586  Mohaghegh Navid,Meet Instructor:,898947
288275,LE,EECS,1520,,3,3,3,EN,2025,FW,LE,W,Computer Use: Fundamentals,LE,EECS,Y,Y,N,R,EN,17,48,48,LE,EECS,LECT,1,W,MA,EN,17,48,48,T,9:30,80,2,MK,4025,50,,Course Director:,Section Director: 102096426  Kio Onoise Gerald,Meet Instructor: 102096426  Kio Onoise Gerald,866158
288275,LE,EECS,1520,,3,3,3,EN,2025,FW,LE,W,Computer Use: Fundamentals,LE,EECS,Y,Y,N,R,EN,17,48,48,LE,EECS,LECT,1,W,MA,EN,17,48,48,R,9:30,80,2,MK,4025,50,,Course Director:,Section Director: 102096426  Kio Onoise Gerald,Meet Instructor: 102096426  Kio Onoise Gerald,866159
310396,LE,ENG,1102,,4,4,4,EN,2025,FW,LE,W,Renaissance Engineer 2: Engineering Design Principles,LE,ENG,N,N,N,V,EN,120,120,120,LE,ENG,BLEN,1,W,MA,EN,120,120,120,R,12:30,110,,MK,4070,137,,Course Director: 102089917  Sadek Hossam,Section Director: 102093820  Zhuang Kai,Meet Instructor: 102093820  Zhuang Kai,895524
310396,LE,ENG,1102,,4,4,4,EN,2025,FW,LE,W,Renaissance Engineer 2: Engineering Design Principles,LE,ENG,N,N,N,V,EN,120,120,120,LE,ENG,TUTR,1,W,MA,EN,32,32,32,M,15:30,50,,MK,6015,36,,Course Director: 102089917  Sadek Hossam,Section Director: 102093820  Zhuang Kai,Meet Instructor:,895525
310396,LE,ENG,1102,,4,4,4,EN,2025,FW,LE,W,Renaissance Engineer 2: Engineering Design Principles,LE,ENG,N,N,N,V,EN,120,120,120,LE,ENG,TUTR,2,W,MA,EN,32,32,32,W,14:30,50,,MK,5000,48,,Course Director: 102089917  Sadek Hossam,Section Director: 102093820  Zhuang Kai,Meet Instructor:,895526
310396,LE,ENG,1102,,4,4,4,EN,2025,FW,LE,W,Renaissance Engineer 2: Engineering Design Principles,LE,ENG,N,N,N,V,EN,120,120,120,LE,ENG,TUTR,3,W,MA,EN,32,32,32,W,14:30,50,,MK,4050,50,,Course Director: 102089917  Sadek Hossam,Section Director: 102093820  Zhuang Kai,Meet Instructor:,895527
310396,LE,ENG,1102,,4,4,4,EN,2025,FW,LE,W,Renaissance Engineer 2: Engineering Design Principles,LE,ENG,N,N,N,V,EN,120,120,120,LE,ENG,TUTR,4,W,MA,EN,24,24,24,M,15:30,50,,MK,4040,50,,Course Director: 102089917  Sadek Hossam,Section Director: 102093820  Zhuang Kai,Meet Instructor:,898949
288291,LE,ESSE,1012,,3,3,3,EN,2025,FW,LE,W,The Earth Environment,LE,ESSE,N,N,N,V,EN,82,96,96,LE,ESSE,LECT,1,W,MA,EN,82,96,96,W,10:30,50,,MK,4070,137,,Course Director:,Section Director: 102029802  Wang Jian-Guo,Meet Instructor: 102029802  Wang Jian-Guo,866209
288291,LE,ESSE,1012,,3,3,3,EN,2025,FW,LE,W,The Earth Environment,LE,ESSE,N,N,N,V,EN,82,96,96,LE,ESSE,LECT,1,W,MA,EN,82,96,96,F,10:30,50,,MK,4070,137,,Course Director:,Section Director: 102029802  Wang Jian-Guo,Meet Instructor: 102029802  Wang Jian-Guo,866211
288291,LE,ESSE,1012,,3,3,3,EN,2025,FW,LE,W,The Earth Environment,LE,ESSE,N,N,N,V,EN,82,96,96,LE,ESSE,LECT,1,W,MA,EN,82,96,96,M,10:30,50,,MK,4070,137,,Course Director:,Section Director: 102029802  Wang Jian-Guo,Meet Instructor: 102029802  Wang Jian-Guo,866210
288291,LE,ESSE,1012,,3,3,3,EN,2025,FW,LE,W,The Earth Environment,LE,ESSE,N,N,N,V,EN,82,96,96,LE,ESSE,LAB,1,W,MA,EN,27,32,32,T,12:30,170,,MK,6075,36,,Course Director:,Section Director: 102029802  Wang Jian-Guo,Meet Instructor: 102113759  Sepehri Jafar,866206
288291,LE,ESSE,1012,,3,3,3,EN,2025,FW,LE,W,The Earth Environment,LE,ESSE,N,N,N,V,EN,82,96,96,LE,ESSE,LAB,2,W,MA,EN,26,32,32,T,12:30,170,,MK,4095,50,,Course Director:,Section Director: 102029802  Wang Jian-Guo,Meet Instructor:,866207
288291,LE,ESSE,1012,,3,3,3,EN,2025,FW,LE,W,The Earth Environment,LE,ESSE,N,N,N,V,EN,82,96,96,LE,ESSE,LAB,3,W,MA,EN,29,32,32,R,14:30,170,,MK,6075,36,,Course Director:,Section Director: 102029802  Wang Jian-Guo,Meet Instructor: 102113759  Sepehri Jafar,866208
298939,SC,BIOL,1001,,3,3,3,EN,2025,FW,SC,W,"Biology II - Evolution, Ecology, Biodiversity and Conservation Biology",SC,BIOL,Y,Y,N,Q,EN,21,30,30,SC,BIOL,LECT,1,W,MA,EN,21,30,30,M,13:30,50,9,MK,5070,50,,Course Director:,Section Director: 102116694  Atallah Jade,Meet Instructor: 102116694  Atallah Jade,866047
298939,SC,BIOL,1001,,3,3,3,EN,2025,FW,SC,W,"Biology II - Evolution, Ecology, Biodiversity and Conservation Biology",SC,BIOL,Y,Y,N,Q,EN,21,30,30,SC,BIOL,LECT,1,W,MA,EN,21,30,30,F,13:30,50,9,MK,5070,50,,Course Director:,Section Director: 102116694  Atallah Jade,Meet Instructor: 102116694  Atallah Jade,866045
298939,SC,BIOL,1001,,3,3,3,EN,2025,FW,SC,W,"Biology II - Evolution, Ecology, Biodiversity and Conservation Biology",SC,BIOL,Y,Y,N,Q,EN,21,30,30,SC,BIOL,LECT,1,W,MA,EN,21,30,30,W,13:30,50,9,MK,5070,50,,Course Director:,Section Director: 102116694  Atallah Jade,Meet Instructor: 102116694  Atallah Jade,866046
298939,SC,BIOL,1001,,3,3,3,EN,2025,FW,SC,W,"Biology II - Evolution, Ecology, Biodiversity and Conservation Biology",SC,BIOL,Y,Y,N,Q,EN,21,30,30,SC,BIOL,LAB,1,W,MA,EN,0,0,0,T,14:30,170,1,,,,,Course Director:,Section Director: 102116694  Atallah Jade,Meet Instructor:,866042
298939,SC,BIOL,1001,,3,3,3,EN,2025,FW,SC,W,"Biology II - Evolution, Ecology, Biodiversity and Conservation Biology",SC,BIOL,Y,Y,N,Q,EN,21,30,30,SC,BIOL,LAB,2,W,MA,EN,0,6,0,W,14:30,170,1,,,,,Course Director:,Section Director: 102116694  Atallah Jade,Meet Instructor:,866043
298939,SC,BIOL,1001,,3,3,3,EN,2025,FW,SC,W,"Biology II - Evolution, Ecology, Biodiversity and Conservation Biology",SC,BIOL,Y,Y,N,Q,EN,21,30,30,SC,BIOL,LAB,3,W,MA,EN,21,24,24,R,14:30,170,2,,,,,Course Director:,Section Director: 102116694  Atallah Jade,Meet Instructor:,866044
294352,SC,CHEM,1001,,3,3,3,EN,2025,FW,SC,W,Chemical Dynamics,SC,CHEM,N,Y,N,Q,EN,23,50,50,SC,CHEM,LECT,1,W,MA,EN,23,50,50,M,11:30,50,9,MK,5070,50,,Course Director: 102062043  Belozerov Kyle,Section Director: 102094776  Kouyoumdjian Hovig,Meet Instructor: 102094776  Kouyoumdjian Hovig,866058
294352,SC,CHEM,1001,,3,3,3,EN,2025,FW,SC,W,Chemical Dynamics,SC,CHEM,N,Y,N,Q,EN,23,50,50,SC,CHEM,LECT,1,W,MA,EN,23,50,50,W,11:30,50,9,MK,5070,50,,Course Director: 102062043  Belozerov Kyle,Section Director: 102094776  Kouyoumdjian Hovig,Meet Instructor: 102094776  Kouyoumdjian Hovig,866059
294352,SC,CHEM,1001,,3,3,3,EN,2025,FW,SC,W,Chemical Dynamics,SC,CHEM,N,Y,N,Q,EN,23,50,50,SC,CHEM,LECT,1,W,MA,EN,23,50,50,F,11:30,50,9,MK,5070,50,,Course Director: 102062043  Belozerov Kyle,Section Director: 102094776  Kouyoumdjian Hovig,Meet Instructor: 102094776  Kouyoumdjian Hovig,866060
294352,SC,CHEM,1001,,3,3,3,EN,2025,FW,SC,W,Chemical Dynamics,SC,CHEM,N,Y,N,Q,EN,23,50,50,SC,CHEM,TUTR,1,W,MA,EN,23,50,50,F,8:30,50,9,MK,5070,50,,Course Director: 102062043  Belozerov Kyle,Section Director: 102094776  Kouyoumdjian Hovig,Meet Instructor: 102094776  Kouyoumdjian Hovig,866061
294352,SC,CHEM,1001,,3,3,3,EN,2025,FW,SC,W,Chemical Dynamics,SC,CHEM,N,Y,N,Q,EN,23,50,50,SC,CHEM,LAB,1,F,MA,EN,23,24,24,M,14:30,170,9,MK,6065,32,,Course Director: 102062043  Belozerov Kyle,Section Director: 102094776  Kouyoumdjian Hovig,Meet Instructor:,866055
294352,SC,CHEM,1001,,3,3,3,EN,2025,FW,SC,W,Chemical Dynamics,SC,CHEM,N,Y,N,Q,EN,23,50,50,SC,CHEM,LAB,2,F,MA,EN,0,24,0,W,14:30,170,1,,,,,Course Director: 102062043  Belozerov Kyle,Section Director: 102094776  Kouyoumdjian Hovig,Meet Instructor:,866056
294352,SC,CHEM,1001,,3,3,3,EN,2025,FW,SC,W,Chemical Dynamics,SC,CHEM,N,Y,N,Q,EN,23,50,50,SC,CHEM,LAB,3,F,MA,EN,0,2,0,F,14:30,170,1,,,,,Course Director: 102062043  Belozerov Kyle,Section Director: 102094776  Kouyoumdjian Hovig,Meet Instructor:,866057
309522,SC,CHEM,1100,,4,4,4,EN,2025,FW,SC,W,Chemistry and Materials Science for Engineers,SC,CHEM,N,Y,N,Q,EN,115,120,120,SC,CHEM,LECT,1,W,MA,EN,115,120,120,W,13:30,50,9,MK,4070,137,"FeeAmount=5, Type=A, RefundType=A, RefundDate=",Course Director:,Section Director: 102094776  Kouyoumdjian Hovig,Meet Instructor: 102094776  Kouyoumdjian Hovig,866067
309522,SC,CHEM,1100,,4,4,4,EN,2025,FW,SC,W,Chemistry and Materials Science for Engineers,SC,CHEM,N,Y,N,Q,EN,115,120,120,SC,CHEM,LECT,1,W,MA,EN,115,120,120,M,13:30,50,9,MK,4070,137,"FeeAmount=5, Type=A, RefundType=A, RefundDate=",Course Director:,Section Director: 102094776  Kouyoumdjian Hovig,Meet Instructor: 102094776  Kouyoumdjian Hovig,866066
309522,SC,CHEM,1100,,4,4,4,EN,2025,FW,SC,W,Chemistry and Materials Science for Engineers,SC,CHEM,N,Y,N,Q,EN,115,120,120,SC,CHEM,LECT,1,W,MA,EN,115,120,120,F,13:30,110,9,MK,4070,137,"FeeAmount=5, Type=A, RefundType=A, RefundDate=",Course Director:,Section Director: 102094776  Kouyoumdjian Hovig,Meet Instructor: 102094776  Kouyoumdjian Hovig,866068
309522,SC,CHEM,1100,,4,4,4,EN,2025,FW,SC,W,Chemistry and Materials Science for Engineers,SC,CHEM,N,Y,N,Q,EN,115,120,120,SC,CHEM,TUTR,1,W,MA,EN,115,120,120,F,12:30,50,9,MK,4070,137,"FeeAmount=5, Type=A, RefundType=A, RefundDate=",Course Director:,Section Director: 102094776  Kouyoumdjian Hovig,Meet Instructor: 102094776  Kouyoumdjian Hovig,866069
309522,SC,CHEM,1100,,4,4,4,EN,2025,FW,SC,W,Chemistry and Materials Science for Engineers,SC,CHEM,N,Y,N,Q,EN,115,120,120,SC,CHEM,LAB,1,W,MA,EN,24,24,24,T,9:00,170,9,MK,6065,32,"FeeAmount=5, Type=A, RefundType=A, RefundDate=",Course Director:,Section Director: 102094776  Kouyoumdjian Hovig,Meet Instructor:,866062
309522,SC,CHEM,1100,,4,4,4,EN,2025,FW,SC,W,Chemistry and Materials Science for Engineers,SC,CHEM,N,Y,N,Q,EN,115,120,120,SC,CHEM,LAB,2,W,MA,EN,24,24,24,R,14:30,170,9,MK,6065,32,"FeeAmount=5, Type=A, RefundType=A, RefundDate=",Course Director:,Section Director: 102094776  Kouyoumdjian Hovig,Meet Instructor:,866063
309522,SC,CHEM,1100,,4,4,4,EN,2025,FW,SC,W,Chemistry and Materials Science for Engineers,SC,CHEM,N,Y,N,Q,EN,115,120,120,SC,CHEM,LAB,3,W,MA,EN,24,24,24,R,9:00,170,9,MK,6065,32,"FeeAmount=5, Type=A, RefundType=A, RefundDate=",Course Director:,Section Director: 102094776  Kouyoumdjian Hovig,Meet Instructor:,866064
309522,SC,CHEM,1100,,4,4,4,EN,2025,FW,SC,W,Chemistry and Materials Science for Engineers,SC,CHEM,N,Y,N,Q,EN,115,120,120,SC,CHEM,LAB,4,W,MA,EN,24,24,24,T,14:30,170,9,MK,6065,32,"FeeAmount=5, Type=A, RefundType=A, RefundDate=",Course Director:,Section Director: 102094776  Kouyoumdjian Hovig,Meet Instructor:,866065
309522,SC,CHEM,1100,,4,4,4,EN,2025,FW,SC,W,Chemistry and Materials Science for Engineers,SC,CHEM,N,Y,N,Q,EN,115,120,120,SC,CHEM,LAB,5,W,MA,EN,19,24,24,W,15:30,170,,MK,6065,32,"FeeAmount=5, Type=A, RefundType=A, RefundDate=",Course Director:,Section Director: 102094776  Kouyoumdjian Hovig,Meet Instructor:,899108
309524,SC,MATH,1014,,3,3,3,EN,2025,FW,SC,W,Applied Calculus II,SC,MATH,Y,Y,N,V,EN,124,135,135,SC,MATH,LECT,1,W,MA,EN,124,135,135,F,9:30,50,9,MK,4070,137,,Course Director:,Section Director: 102116696  Yang Jihyeon Jessie,Meet Instructor: 102116696  Yang Jihyeon Jessie,866074
309524,SC,MATH,1014,,3,3,3,EN,2025,FW,SC,W,Applied Calculus II,SC,MATH,Y,Y,N,V,EN,124,135,135,SC,MATH,LECT,1,W,MA,EN,124,135,135,W,9:30,50,9,MK,4070,137,,Course Director:,Section Director: 102116696  Yang Jihyeon Jessie,Meet Instructor: 102116696  Yang Jihyeon Jessie,866075
309524,SC,MATH,1014,,3,3,3,EN,2025,FW,SC,W,Applied Calculus II,SC,MATH,Y,Y,N,V,EN,124,135,135,SC,MATH,LECT,1,W,MA,EN,124,135,135,M,9:30,50,9,MK,4070,137,,Course Director:,Section Director: 102116696  Yang Jihyeon Jessie,Meet Instructor: 102116696  Yang Jihyeon Jessie,866076
309524,SC,MATH,1014,,3,3,3,EN,2025,FW,SC,W,Applied Calculus II,SC,MATH,Y,Y,N,W,EN,0,0,0,SC,MATH,LECT,1,W,MA,EN,0,0,0,F,9:30,50,1,,,,,Course Director:,Section Director:,Meet Instructor:,866079
309524,SC,MATH,1014,,3,3,3,EN,2025,FW,SC,W,Applied Calculus II,SC,MATH,Y,Y,N,W,EN,0,0,0,SC,MATH,LECT,1,W,MA,EN,0,0,0,W,9:30,50,1,,,,,Course Director:,Section Director:,Meet Instructor:,866078
309524,SC,MATH,1014,,3,3,3,EN,2025,FW,SC,W,Applied Calculus II,SC,MATH,Y,Y,N,W,EN,0,0,0,SC,MATH,LECT,1,W,MA,EN,0,0,0,M,9:30,50,1,,,,,Course Director:,Section Director:,Meet Instructor:,866077
288563,SC,MATH,1028,,3,3,3,EN,2025,FW,SC,W,Discrete Mathematics for Engineers,SC,MATH,Y,Y,N,V,EN,36,36,34,LE,EECS,LECT,1,W,MA,EN,36,36,34,M,10:30,50,,MK,2055,100,,Course Director:,Section Director: 102111441  Vashisth Pooja,Meet Instructor: 102111441  Vashisth Pooja,866214
288563,SC,MATH,1028,,3,3,3,EN,2025,FW,SC,W,Discrete Mathematics for Engineers,SC,MATH,Y,Y,N,V,EN,36,36,34,LE,EECS,LECT,1,W,MA,EN,36,36,34,F,10:30,50,,MK,2055,100,,Course Director:,Section Director: 102111441  Vashisth Pooja,Meet Instructor: 102111441  Vashisth Pooja,866213
288563,SC,MATH,1028,,3,3,3,EN,2025,FW,SC,W,Discrete Mathematics for Engineers,SC,MATH,Y,Y,N,V,EN,36,36,34,LE,EECS,LECT,1,W,MA,EN,36,36,34,W,10:30,50,,MK,2055,100,,Course Director:,Section Director: 102111441  Vashisth Pooja,Meet Instructor: 102111441  Vashisth Pooja,866212
288563,SC,MATH,1028,,3,3,3,EN,2025,FW,SC,W,Discrete Mathematics for Engineers,SC,MATH,Y,Y,N,V,EN,36,36,34,LE,EECS,TUTR,1,W,MA,EN,36,36,34,T,12:30,110,,MK,5000,48,,Course Director:,Section Director: 102111441  Vashisth Pooja,Meet Instructor:,866215
288616,SC,MATH,1131,,3,3,3,EN,2025,FW,SC,W,Introduction to Statistics I,SC,MATH,N,Y,N,Q,EN,5,35,35,SC,MATH,LECT,1,W,MA,EN,5,35,35,T,13:00,80,2,MK,4040,50,,Course Director:,Section Director: 102070607  Tian Yanhua,Meet Instructor: 102070607  Tian Yanhua,889519
288616,SC,MATH,1131,,3,3,3,EN,2025,FW,SC,W,Introduction to Statistics I,SC,MATH,N,Y,N,Q,EN,5,35,35,SC,MATH,LECT,1,W,MA,EN,5,35,35,R,13:00,80,2,MK,4040,50,,Course Director:,Section Director: 102070607  Tian Yanhua,Meet Instructor: 102070607  Tian Yanhua,889520
298955,SC,MATH,1507,,3,3,3,EN,2025,FW,SC,W,Mathematics II for the Biological and Health Sciences,SC,MATH,Y,Y,N,S,EN,35,50,50,SC,MATH,LECT,1,W,MA,EN,35,50,50,F,10:30,50,9,MK,5070,50,,Course Director:,Section Director: 102116696  Yang Jihyeon Jessie,Meet Instructor: 102116696  Yang Jihyeon Jessie,866088
298955,SC,MATH,1507,,3,3,3,EN,2025,FW,SC,W,Mathematics II for the Biological and Health Sciences,SC,MATH,Y,Y,N,S,EN,35,50,50,SC,MATH,LECT,1,W,MA,EN,35,50,50,W,10:30,50,9,MK,5070,50,,Course Director:,Section Director: 102116696  Yang Jihyeon Jessie,Meet Instructor: 102116696  Yang Jihyeon Jessie,866087
298955,SC,MATH,1507,,3,3,3,EN,2025,FW,SC,W,Mathematics II for the Biological and Health Sciences,SC,MATH,Y,Y,N,S,EN,35,50,50,SC,MATH,LECT,1,W,MA,EN,35,50,50,M,10:30,50,9,MK,5070,50,,Course Director:,Section Director: 102116696  Yang Jihyeon Jessie,Meet Instructor: 102116696  Yang Jihyeon Jessie,866086
290924,SC,MATH,2281,,3,3,3,EN,2025,FW,SC,W,Models for Financial Economics,SC,MATH,N,Y,N,N,EN,4,35,35,SC,MATH,LECT,1,W,MA,EN,4,35,35,T,14:30,170,,MK,4040,50,,Course Director:,Section Director: 102026804  Ku Hyejin,Meet Instructor: 102026804  Ku Hyejin,889523
307269,SC,NATS,1506,,3,3,3,EN,2025,FW,SC,W,Understanding Artificial Intelligence,SC,NATS,N,N,N,M,EN,93,100,100,SC,NATS,LECT,1,W,MA,EN,93,100,100,F,9:30,170,2,MK,2060,100,,Course Director:,Section Director: 100536021  Lumb Ian,Meet Instructor: 100536021  Lumb Ian,872087
306745,SC,NATS,1765,,6,6,6,EN,2025,FW,SC,Y,"Science, Experts and Citizens",SC,NATS,N,N,N,A,EN,42,50,50,SC,NATS,LECT,1,W,MA,EN,42,50,50,T,19:00,170,9,MK,5070,50,,Course Director:,Section Director: 102058295  Cope Angela,Meet Instructor: 102058295  Cope Angela,872177
293563,SC,PHYS,1422,,3,3,3,EN,2025,FW,SC,W,Physics with Life Science Applications 2,SC,PHYS,Y,Y,N,N,EN,4,48,48,SC,PHYS,LECT,1,W,MA,EN,4,48,48,M,12:30,50,9,MK,5070,50,,Course Director:,Section Director: 102014841  Orchard Gloria,Meet Instructor: 102014841  Orchard Gloria,866101
293563,SC,PHYS,1422,,3,3,3,EN,2025,FW,SC,W,Physics with Life Science Applications 2,SC,PHYS,Y,Y,N,N,EN,4,48,48,SC,PHYS,LECT,1,W,MA,EN,4,48,48,W,12:30,50,9,MK,5070,50,,Course Director:,Section Director: 102014841  Orchard Gloria,Meet Instructor: 102014841  Orchard Gloria,866100
293563,SC,PHYS,1422,,3,3,3,EN,2025,FW,SC,W,Physics with Life Science Applications 2,SC,PHYS,Y,Y,N,N,EN,4,48,48,SC,PHYS,LECT,1,W,MA,EN,4,48,48,F,12:30,50,9,MK,5070,50,,Course Director:,Section Director: 102014841  Orchard Gloria,Meet Instructor: 102014841  Orchard Gloria,866099
293563,SC,PHYS,1422,,3,3,3,EN,2025,FW,SC,W,Physics with Life Science Applications 2,SC,PHYS,Y,Y,N,N,EN,4,48,48,SC,PHYS,TUTR,1,W,MA,EN,4,48,48,T,11:00,50,9,MK,5070,50,,Course Director:,Section Director: 102014841  Orchard Gloria,Meet Instructor: 102014841  Orchard Gloria,866102
293563,SC,PHYS,1422,,3,3,3,EN,2025,FW,SC,W,Physics with Life Science Applications 2,SC,PHYS,Y,Y,N,N,EN,4,48,48,SC,PHYS,LAB,1,W,MA,EN,4,24,24,F,14:30,170,9,MK,6035,24,,Course Director:,Section Director: 102014841  Orchard Gloria,Meet Instructor: 102094624  Seaton Lucas,866096
293563,SC,PHYS,1422,,3,3,3,EN,2025,FW,SC,W,Physics with Life Science Applications 2,SC,PHYS,Y,Y,N,N,EN,4,48,48,SC,PHYS,LAB,2,W,MA,EN,0,24,24,W,19:00,170,1,MK,6035,24,,Course Director:,Section Director: 102014841  Orchard Gloria,Meet Instructor:,866097
293563,SC,PHYS,1422,,3,3,3,EN,2025,FW,SC,W,Physics with Life Science Applications 2,SC,PHYS,Y,Y,N,N,EN,4,48,48,SC,PHYS,LAB,99,W,MA,EN,0,0,0,,0:00,0,0,,,,,Course Director:,Section Director: 102014841  Orchard Gloria,Meet Instructor: 102014841  Orchard Gloria,866112
309526,SC,PHYS,1801,,3,3,3,EN,2025,FW,SC,W,"Electricity, Magnetism and Optics for Engineers",SC,PHYS,Y,N,Y,O,EN,116,125,125,SC,PHYS,LECT,1,W,MA,EN,116,125,125,M,8:30,50,9,MK,4070,137,,Course Director:,Section Director: 102014841  Orchard Gloria,Meet Instructor: 102014841  Orchard Gloria,866018
309526,SC,PHYS,1801,,3,3,3,EN,2025,FW,SC,W,"Electricity, Magnetism and Optics for Engineers",SC,PHYS,Y,N,Y,O,EN,116,125,125,SC,PHYS,LECT,1,W,MA,EN,116,125,125,F,8:30,50,9,MK,4070,137,,Course Director:,Section Director: 102014841  Orchard Gloria,Meet Instructor: 102014841  Orchard Gloria,866020
309526,SC,PHYS,1801,,3,3,3,EN,2025,FW,SC,W,"Electricity, Magnetism and Optics for Engineers",SC,PHYS,Y,N,Y,O,EN,116,125,125,SC,PHYS,LECT,1,W,MA,EN,116,125,125,W,8:30,50,9,MK,4070,137,,Course Director:,Section Director: 102014841  Orchard Gloria,Meet Instructor: 102014841  Orchard Gloria,866019
309526,SC,PHYS,1801,,3,3,3,EN,2025,FW,SC,W,"Electricity, Magnetism and Optics for Engineers",SC,PHYS,Y,N,Y,O,EN,116,125,125,SC,PHYS,TUTR,1,W,MA,EN,116,125,125,M,14:30,50,9,MK,4070,137,,Course Director:,Section Director: 102014841  Orchard Gloria,Meet Instructor: 102014841  Orchard Gloria,866021
309526,SC,PHYS,1801,,3,3,3,EN,2025,FW,SC,W,"Electricity, Magnetism and Optics for Engineers",SC,PHYS,Y,N,Y,O,EN,116,125,125,SC,PHYS,LAB,1,W,MA,EN,24,24,24,R,9:00,170,9,MK,6035,24,,Course Director:,Section Director: 102014841  Orchard Gloria,Meet Instructor: 102094624  Seaton Lucas,866022
309526,SC,PHYS,1801,,3,3,3,EN,2025,FW,SC,W,"Electricity, Magnetism and Optics for Engineers",SC,PHYS,Y,N,Y,O,EN,116,125,125,SC,PHYS,LAB,2,W,MA,EN,24,24,24,T,9:00,170,9,MK,6035,24,,Course Director:,Section Director: 102014841  Orchard Gloria,Meet Instructor: 102131765  Ali Ali,866023
309526,SC,PHYS,1801,,3,3,3,EN,2025,FW,SC,W,"Electricity, Magnetism and Optics for Engineers",SC,PHYS,Y,N,Y,O,EN,116,125,125,SC,PHYS,LAB,3,W,MA,EN,24,24,24,R,14:30,170,9,MK,6035,24,,Course Director:,Section Director: 102014841  Orchard Gloria,Meet Instructor: 102131765  Ali Ali,866024
309526,SC,PHYS,1801,,3,3,3,EN,2025,FW,SC,W,"Electricity, Magnetism and Optics for Engineers",SC,PHYS,Y,N,Y,O,EN,116,125,125,SC,PHYS,LAB,4,W,MA,EN,18,24,24,T,14:30,170,,MK,6035,24,,Course Director:,Section Director: 102014841  Orchard Gloria,Meet Instructor: 102113401  Hayes Conor,866025
309526,SC,PHYS,1801,,3,3,3,EN,2025,FW,SC,W,"Electricity, Magnetism and Optics for Engineers",SC,PHYS,Y,N,Y,O,EN,116,125,125,SC,PHYS,LAB,5,W,MA,EN,23,24,24,W,15:30,170,,MK,6035,24,,Course Director:,Section Director: 102014841  Orchard Gloria,Meet Instructor: 102088328  Andriyevska Olga,899107
309526,SC,PHYS,1801,,3,3,3,EN,2025,FW,SC,W,"Electricity, Magnetism and Optics for Engineers",SC,PHYS,Y,N,Y,O,EN,116,125,125,SC,PHYS,LAB,99,W,MA,EN,3,5,5,,,0,0,,,,,Course Director:,Section Director: 102014841  Orchard Gloria,Meet Instructor: 102014841  Orchard Gloria,894918
